PetID,Date,ProcedureType,ProcedureSubCode
S4-1063,10/1/2016,VACCINATIONS,5
L4-6292,11/1/2016,VACCINATIONS,5
N6-7350,11/1/2016,VACCINATIONS,5
H8-1429,11/1/2016,VACCINATIONS,5
S4-2254,12/1/2016,HOSPITALIZATION,1
J6-8562,12/1/2016,VACCINATIONS,5
L8-0046,12/1/2016,VACCINATIONS,5
J2-3320,12/1/2016,VACCINATIONS,5
F6-5391,12/1/2016,VACCINATIONS,5
M4-9675,12/1/2016,GENERAL SURGERIES,6
P7-2443,12/1/2016,GENERAL SURGERIES,3
S4-2254,13/01/2016,VACCINATIONS,5
I2-7926,13/01/2016,VACCINATIONS,5
M0-2904,13/01/2016,VACCINATIONS,5
U4-5113,13/01/2016,VACCINATIONS,5
K0-8177,13/01/2016,VACCINATIONS,5
U4-9376,13/01/2016,VACCINATIONS,5
S5-5938,13/01/2016,VACCINATIONS,5
O3-1895,13/01/2016,VACCINATIONS,5
X8-9212,13/01/2016,GENERAL SURGERIES,14
T8-1754,13/01/2016,GROOMING,3
J8-7429,13/01/2016,GROOMING,3
X8-9212,13/01/2016,GROOMING,1
M8-7852,14/01/2016,GROOMING,1
J0-7893,15/01/2016,GENERAL SURGERIES,3
Q0-8904,16/01/2016,ORTHOPEDIC,2
I2-7926,16/01/2016,VACCINATIONS,3
G0-7675,16/01/2016,VACCINATIONS,5
L8-9022,16/01/2016,VACCINATIONS,5
O3-1895,16/01/2016,VACCINATIONS,5
O1-7229,16/01/2016,VACCINATIONS,5
R4-6131,16/01/2016,VACCINATIONS,5
V4-6172,16/01/2016,VACCINATIONS,5
Q0-2001,16/01/2016,VACCINATIONS,5
L4-2594,16/01/2016,VACCINATIONS,5
J6-8562,16/01/2016,VACCINATIONS,5
F6-5391,16/01/2016,VACCINATIONS,5
S5-5938,16/01/2016,VACCINATIONS,5
Z4-5652,16/01/2016,VACCINATIONS,5
O6-3123,16/01/2016,VACCINATIONS,5
V4-6172,16/01/2016,VACCINATIONS,5
O8-2501,16/01/2016,VACCINATIONS,5
Z8-4419,16/01/2016,VACCINATIONS,5
V5-2342,16/01/2016,VACCINATIONS,5
S4-2254,16/01/2016,VACCINATIONS,5
I2-7926,16/01/2016,VACCINATIONS,5
O8-0027,16/01/2016,GENERAL SURGERIES,6
Q9-1565,16/01/2016,GROOMING,3
V7-6771,16/01/2016,GROOMING,1
J8-7429,16/01/2016,GROOMING,1
G9-0817,16/01/2016,GROOMING,1
P9-6519,17/01/2016,GROOMING,1
S4-0789,17/01/2016,ORTHOPEDIC,8
U4-6674,18/01/2016,VACCINATIONS,5
L4-4030,18/01/2016,GROOMING,1
K0-8177,18/01/2016,GENERAL SURGERIES,3
Z4-5652,19/01/2016,OFFICE FEES,3
V4-6172,19/01/2016,ORTHOPEDIC,5
Q2-3642,20/01/2016,VACCINATIONS,5
R7-4835,20/01/2016,GROOMING,1
I2-7926,21/01/2016,VACCINATIONS,5
X7-2632,22/01/2016,VACCINATIONS,5
Q9-1565,22/01/2016,VACCINATIONS,5
W8-5750,22/01/2016,VACCINATIONS,5
Z8-4419,22/01/2016,VACCINATIONS,5
R3-7551,22/01/2016,VACCINATIONS,5
S5-5938,22/01/2016,VACCINATIONS,5
J2-4382,22/01/2016,VACCINATIONS,5
P2-7342,22/01/2016,VACCINATIONS,5
Z6-3226,22/01/2016,VACCINATIONS,5
O5-2472,22/01/2016,GROOMING,1
X6-4876,22/01/2016,GENERAL SURGERIES,3
R3-7551,23/01/2016,VACCINATIONS,5
S4-4013,23/01/2016,VACCINATIONS,5
F1-1855,23/01/2016,GENERAL SURGERIES,15
L4-6292,23/01/2016,GROOMING,1
W8-5750,24/01/2016,VACCINATIONS,5
L2-1834,24/01/2016,VACCINATIONS,5
I6-9459,24/01/2016,GROOMING,3
H8-8856,25/01/2016,GENERAL SURGERIES,15
O8-2501,25/01/2016,VACCINATIONS,5
V5-2342,26/01/2016,VACCINATIONS,5
Q4-9479,26/01/2016,VACCINATIONS,5
Q8-0954,26/01/2016,VACCINATIONS,5
Z4-4045,26/01/2016,VACCINATIONS,5
N6-7350,26/01/2016,VACCINATIONS,5
O8-2501,26/01/2016,GROOMING,1
U4-6674,26/01/2016,GENERAL SURGERIES,3
K4-5012,27/01/2016,VACCINATIONS,5
P7-2443,27/01/2016,VACCINATIONS,5
M2-1131,27/01/2016,VACCINATIONS,5
S5-5938,27/01/2016,VACCINATIONS,5
J1-6366,27/01/2016,VACCINATIONS,5
L0-6660,27/01/2016,VACCINATIONS,5
I2-7926,27/01/2016,VACCINATIONS,5
U2-4205,27/01/2016,VACCINATIONS,5
T2-2142,27/01/2016,VACCINATIONS,5
F1-1855,27/01/2016,VACCINATIONS,5
O5-2472,27/01/2016,VACCINATIONS,5
H8-8856,27/01/2016,VACCINATIONS,5
R4-6131,27/01/2016,VACCINATIONS,5
M2-1131,27/01/2016,GENERAL SURGERIES,1
J6-8562,27/01/2016,ORTHOPEDIC,5
K4-5012,27/01/2016,GROOMING,3
Q0-2001,28/01/2016,VACCINATIONS,5
P7-2443,28/01/2016,VACCINATIONS,5
U2-7207,28/01/2016,OFFICE FEES,3
P0-1725,28/01/2016,GROOMING,3
O5-2472,28/01/2016,GROOMING,3
L4-4030,28/01/2016,GROOMING,1
Z4-5652,29/01/2016,VACCINATIONS,5
M2-1131,29/01/2016,VACCINATIONS,5
U0-5987,29/01/2016,VACCINATIONS,5
F2-3235,30/01/2016,VACCINATIONS,5
X7-2632,30/01/2016,VACCINATIONS,5
M0-2904,30/01/2016,VACCINATIONS,5
U4-6674,30/01/2016,VACCINATIONS,5
J2-3320,30/01/2016,VACCINATIONS,5
G0-8531,30/01/2016,VACCINATIONS,5
U4-9376,30/01/2016,VACCINATIONS,5
N7-6805,30/01/2016,VACCINATIONS,5
N7-6805,30/01/2016,HOSPITALIZATION,1
L8-0046,30/01/2016,GENERAL SURGERIES,18
L2-1834,30/01/2016,GROOMING,2
U4-9376,30/01/2016,ORTHOPEDIC,7
U4-5113,30/01/2016,GENERAL SURGERIES,19
S4-0789,30/01/2016,OFFICE FEES,2
V2-4634,30/01/2016,GROOMING,3
X7-2632,30/01/2016,GENERAL SURGERIES,3
H8-1429,31/01/2016,VACCINATIONS,5
G6-6501,31/01/2016,VACCINATIONS,5
Q9-1565,31/01/2016,VACCINATIONS,5
Q8-3145,31/01/2016,VACCINATIONS,5
U2-7207,31/01/2016,VACCINATIONS,5
K0-8177,31/01/2016,VACCINATIONS,5
U4-9376,31/01/2016,VACCINATIONS,5
J6-8562,31/01/2016,VACCINATIONS,5
L4-4205,31/01/2016,GENERAL SURGERIES,3
G4-8096,31/01/2016,GENERAL SURGERIES,3
G0-7675,1/2/2016,GROOMING,3
G4-8096,1/2/2016,VACCINATIONS,5
N8-0553,1/2/2016,VACCINATIONS,5
O1-7229,1/2/2016,VACCINATIONS,5
S5-5938,1/2/2016,VACCINATIONS,5
N7-6805,1/2/2016,VACCINATIONS,5
N8-0553,1/2/2016,VACCINATIONS,5
Z8-4419,1/2/2016,VACCINATIONS,5
X8-9212,1/2/2016,VACCINATIONS,5
L8-0046,1/2/2016,VACCINATIONS,5
L2-1834,1/2/2016,VACCINATIONS,5
I2-7926,1/2/2016,VACCINATIONS,5
P7-2443,1/2/2016,VACCINATIONS,5
F6-5391,1/2/2016,VACCINATIONS,5
R7-4835,1/2/2016,VACCINATIONS,5
M8-7852,1/2/2016,VACCINATIONS,5
U2-7207,1/2/2016,VACCINATIONS,5
Q8-0954,1/2/2016,VACCINATIONS,5
Q0-8904,1/2/2016,VACCINATIONS,5
X8-9212,1/2/2016,GENERAL SURGERIES,6
P9-3625,1/2/2016,GROOMING,3
Z6-3226,1/2/2016,GROOMING,1
S4-9578,1/2/2016,GENERAL SURGERIES,3
J1-6366,1/2/2016,GENERAL SURGERIES,3
L4-9973,1/2/2016,GENERAL SURGERIES,3
H2-8586,2/2/2016,ORTHOPEDIC,6
L4-9973,2/2/2016,VACCINATIONS,5
S4-2254,2/2/2016,VACCINATIONS,5
S5-5938,2/2/2016,VACCINATIONS,5
L8-0046,2/2/2016,VACCINATIONS,5
G9-0817,2/2/2016,VACCINATIONS,5
T2-2142,2/2/2016,VACCINATIONS,5
M4-9675,2/2/2016,VACCINATIONS,5
V7-6771,2/2/2016,VACCINATIONS,5
U2-4205,2/2/2016,VACCINATIONS,5
Z6-3226,2/2/2016,VACCINATIONS,5
F6-5391,2/2/2016,VACCINATIONS,5
K4-5012,2/2/2016,VACCINATIONS,5
L0-6660,2/2/2016,GENERAL SURGERIES,16
O6-3123,2/2/2016,GENERAL SURGERIES,6
P2-7342,2/2/2016,GENERAL SURGERIES,15
L4-4205,2/2/2016,GROOMING,3
S4-9578,2/2/2016,GROOMING,3
M4-9675,2/2/2016,GROOMING,3
O8-2501,2/2/2016,GROOMING,3
O3-1895,2/2/2016,GROOMING,1
R7-4835,2/2/2016,GROOMING,1
U4-9376,2/2/2016,GROOMING,1
S1-2243,2/2/2016,GENERAL SURGERIES,3
Z6-3226,2/2/2016,GENERAL SURGERIES,3
O5-2472,3/2/2016,GENERAL SURGERIES,13
G4-8096,3/2/2016,VACCINATIONS,5
G6-6501,3/2/2016,VACCINATIONS,5
N8-0553,3/2/2016,VACCINATIONS,5
W8-5750,3/2/2016,VACCINATIONS,5
J0-7893,3/2/2016,VACCINATIONS,5
O6-3123,3/2/2016,VACCINATIONS,5
L4-2594,3/2/2016,VACCINATIONS,5
I7-9550,3/2/2016,VACCINATIONS,5
N6-7350,3/2/2016,VACCINATIONS,5
T2-2142,3/2/2016,VACCINATIONS,5
U2-7207,3/2/2016,VACCINATIONS,5
M4-9675,3/2/2016,VACCINATIONS,5
O1-7229,3/2/2016,VACCINATIONS,5
L4-6292,3/2/2016,VACCINATIONS,5
P1-2578,3/2/2016,VACCINATIONS,5
Q8-0954,3/2/2016,VACCINATIONS,5
U4-9376,3/2/2016,VACCINATIONS,5
R7-4835,3/2/2016,VACCINATIONS,5
W9-8307,3/2/2016,VACCINATIONS,5
S4-4013,3/2/2016,VACCINATIONS,5
G6-6501,3/2/2016,VACCINATIONS,5
R7-4835,3/2/2016,VACCINATIONS,5
X8-8611,3/2/2016,VACCINATIONS,5
X8-8611,3/2/2016,VACCINATIONS,5
T2-2142,3/2/2016,VACCINATIONS,5
U4-6674,3/2/2016,VACCINATIONS,5
J0-7893,3/2/2016,VACCINATIONS,5
U6-4890,3/2/2016,VACCINATIONS,5
L4-4030,3/2/2016,VACCINATIONS,5
I2-7926,3/2/2016,VACCINATIONS,5
U2-7207,3/2/2016,VACCINATIONS,5
J1-6366,3/2/2016,VACCINATIONS,3
X7-2632,3/2/2016,VACCINATIONS,4
S4-0789,3/2/2016,GENERAL SURGERIES,7
U4-5113,3/2/2016,GENERAL SURGERIES,9
J2-4382,3/2/2016,OFFICE FEES,1
G9-0817,3/2/2016,GROOMING,1
Q4-9479,3/2/2016,GROOMING,3
Z8-4419,3/2/2016,GENERAL SURGERIES,19
Z6-3226,3/2/2016,GROOMING,3
U4-6674,3/2/2016,GROOMING,3
Z8-4419,3/2/2016,GROOMING,3
Z4-4045,3/2/2016,GROOMING,3
X8-9212,3/2/2016,GROOMING,1
T2-2142,4/2/2016,ORTHOPEDIC,5
M2-1131,4/2/2016,GENERAL SURGERIES,16
L8-0046,4/2/2016,VACCINATIONS,5
V2-4634,4/2/2016,ORTHOPEDIC,5
N0-9539,4/2/2016,VACCINATIONS,5
S4-2254,4/2/2016,VACCINATIONS,5
H2-8586,4/2/2016,VACCINATIONS,5
R3-7551,4/2/2016,VACCINATIONS,5
Q9-1565,4/2/2016,VACCINATIONS,5
T8-1754,4/2/2016,VACCINATIONS,5
U2-7207,4/2/2016,VACCINATIONS,5
G4-8096,4/2/2016,VACCINATIONS,5
L4-9973,4/2/2016,VACCINATIONS,5
Q4-9479,4/2/2016,VACCINATIONS,5
U2-4205,4/2/2016,VACCINATIONS,5
T0-3277,4/2/2016,VACCINATIONS,5
V4-6172,4/2/2016,VACCINATIONS,5
P1-2578,4/2/2016,VACCINATIONS,5
P7-2443,4/2/2016,VACCINATIONS,5
R7-4835,4/2/2016,VACCINATIONS,5
Z4-5652,4/2/2016,VACCINATIONS,5
J1-6366,4/2/2016,VACCINATIONS,5
N6-7350,4/2/2016,VACCINATIONS,5
Z8-4419,4/2/2016,VACCINATIONS,5
Z8-4419,4/2/2016,VACCINATIONS,5
V4-6172,4/2/2016,VACCINATIONS,5
M4-9675,4/2/2016,VACCINATIONS,5
O8-0027,4/2/2016,VACCINATIONS,5
U4-9376,4/2/2016,VACCINATIONS,5
Q9-1565,4/2/2016,VACCINATIONS,5
O8-2501,4/2/2016,VACCINATIONS,5
G0-8531,4/2/2016,VACCINATIONS,5
U4-6674,4/2/2016,VACCINATIONS,5
P9-3625,4/2/2016,VACCINATIONS,5
V7-6771,4/2/2016,VACCINATIONS,5
I5-4893,4/2/2016,VACCINATIONS,5
Q8-0954,4/2/2016,VACCINATIONS,5
G0-8531,4/2/2016,VACCINATIONS,5
H2-8586,4/2/2016,VACCINATIONS,5
F6-5391,4/2/2016,VACCINATIONS,5
X7-2632,4/2/2016,VACCINATIONS,5
Q0-3593,4/2/2016,VACCINATIONS,5
L4-4030,4/2/2016,VACCINATIONS,5
W8-5750,4/2/2016,VACCINATIONS,5
H8-1429,4/2/2016,VACCINATIONS,5
S5-5938,4/2/2016,GENERAL SURGERIES,4
T0-5705,4/2/2016,GENERAL SURGERIES,15
Q0-8904,4/2/2016,GENERAL SURGERIES,18
S4-2254,4/2/2016,GROOMING,2
O8-2501,4/2/2016,GENERAL SURGERIES,6
Z4-5652,4/2/2016,GENERAL SURGERIES,15
Z8-4419,4/2/2016,VACCINATIONS,4
N8-0553,4/2/2016,OFFICE FEES,1
N7-6805,4/2/2016,VACCINATIONS,1
G6-6501,4/2/2016,OFFICE FEES,2
U4-9376,4/2/2016,ORTHOPEDIC,6
J0-7893,4/2/2016,GROOMING,3
V4-6172,4/2/2016,GROOMING,3
I7-9550,4/2/2016,GROOMING,3
Q9-1565,4/2/2016,GROOMING,3
U4-9376,4/2/2016,GROOMING,1
G6-6501,4/2/2016,GROOMING,1
M4-9675,4/2/2016,GROOMING,1
Q8-8753,4/2/2016,GROOMING,1
Q0-3593,4/2/2016,GROOMING,1
L4-4030,4/2/2016,GENERAL SURGERIES,3
F2-3235,4/2/2016,GENERAL SURGERIES,3
F2-3235,4/2/2016,GENERAL SURGERIES,3
I5-4893,5/2/2016,VACCINATIONS,5
X8-9212,5/2/2016,VACCINATIONS,5
J1-6366,5/2/2016,VACCINATIONS,5
V5-2342,5/2/2016,VACCINATIONS,5
X0-8765,5/2/2016,VACCINATIONS,5
P2-7342,5/2/2016,VACCINATIONS,5
F2-3235,5/2/2016,VACCINATIONS,5
Q4-9479,5/2/2016,VACCINATIONS,5
P9-6519,5/2/2016,VACCINATIONS,5
P9-3625,5/2/2016,VACCINATIONS,5
M2-1131,5/2/2016,VACCINATIONS,5
U4-9376,5/2/2016,VACCINATIONS,5
G0-8531,5/2/2016,VACCINATIONS,5
I6-9459,5/2/2016,VACCINATIONS,5
L4-9973,5/2/2016,VACCINATIONS,5
U2-4205,5/2/2016,VACCINATIONS,5
U4-6674,5/2/2016,VACCINATIONS,5
G0-7675,5/2/2016,VACCINATIONS,5
P0-1725,5/2/2016,OFFICE FEES,2
Q0-8904,5/2/2016,ORTHOPEDIC,1
O6-3123,5/2/2016,GROOMING,3
F2-3235,5/2/2016,GROOMING,3
Q0-2001,5/2/2016,GROOMING,3
I5-4893,5/2/2016,GROOMING,3
O1-7229,5/2/2016,GROOMING,1
J8-7429,5/2/2016,GENERAL SURGERIES,3
I7-9550,5/2/2016,GENERAL SURGERIES,3
J1-6366,6/2/2016,VACCINATIONS,5
H8-8856,6/2/2016,VACCINATIONS,5
S4-4013,6/2/2016,VACCINATIONS,5
O8-2501,7/2/2016,VACCINATIONS,5
I2-7926,7/2/2016,VACCINATIONS,5
L0-6660,8/2/2016,VACCINATIONS,5
Q4-9479,8/2/2016,VACCINATIONS,5
N0-9539,8/2/2016,GENERAL SURGERIES,3
R7-4835,9/2/2016,VACCINATIONS,5
Z8-4419,9/2/2016,VACCINATIONS,5
U4-5113,9/2/2016,VACCINATIONS,5
L4-9973,9/2/2016,VACCINATIONS,5
M4-9675,9/2/2016,VACCINATIONS,5
O8-2501,9/2/2016,GROOMING,3
X8-9212,10/2/2016,VACCINATIONS,5
P9-3625,10/2/2016,VACCINATIONS,5
P7-2443,10/2/2016,VACCINATIONS,5
V2-4634,10/2/2016,VACCINATIONS,5
N7-6805,10/2/2016,VACCINATIONS,5
S4-2254,11/2/2016,VACCINATIONS,5
S4-2254,11/2/2016,VACCINATIONS,5
P0-1725,11/2/2016,ORTHOPEDIC,3
V7-6771,11/2/2016,GENERAL SURGERIES,2
P0-1725,11/2/2016,GROOMING,3
X7-2632,12/2/2016,VACCINATIONS,5
P1-2578,12/2/2016,VACCINATIONS,5
H8-1429,12/2/2016,VACCINATIONS,5
G9-0817,12/2/2016,VACCINATIONS,5
M8-7852,12/2/2016,VACCINATIONS,5
L4-9973,12/2/2016,VACCINATIONS,5
H8-8856,12/2/2016,VACCINATIONS,5
R7-4835,12/2/2016,VACCINATIONS,5
Q2-3642,12/2/2016,VACCINATIONS,5
M2-1131,12/2/2016,VACCINATIONS,5
J6-8562,12/2/2016,ORTHOPEDIC,9
L4-4205,12/2/2016,GENERAL SURGERIES,1
U2-4205,12/2/2016,VACCINATIONS,6
X8-8611,12/2/2016,HOSPITALIZATION,1
H8-1429,12/2/2016,GENERAL SURGERIES,4
S4-9578,12/2/2016,GROOMING,3
M4-9675,12/2/2016,GROOMING,3
J6-8562,12/2/2016,GROOMING,1
O3-1895,12/2/2016,GROOMING,1
V5-2342,13/02/2016,GROOMING,1
V2-4634,13/02/2016,GENERAL SURGERIES,3
F2-3235,14/02/2016,VACCINATIONS,5
V4-6172,14/02/2016,VACCINATIONS,5
J1-6366,14/02/2016,VACCINATIONS,5
U6-4890,14/02/2016,VACCINATIONS,5
T0-3277,14/02/2016,VACCINATIONS,5
H2-8586,14/02/2016,VACCINATIONS,5
Q4-9479,14/02/2016,VACCINATIONS,5
T8-1754,14/02/2016,VACCINATIONS,5
M4-9675,14/02/2016,VACCINATIONS,5
Q4-9479,14/02/2016,OFFICE FEES,3
U2-7207,14/02/2016,GROOMING,3
O8-0027,14/02/2016,GENERAL SURGERIES,3
Q8-8753,15/02/2016,VACCINATIONS,5
Z4-4045,15/02/2016,VACCINATIONS,5
K0-8177,15/02/2016,VACCINATIONS,5
U0-5987,15/02/2016,VACCINATIONS,5
X6-4876,15/02/2016,VACCINATIONS,5
Q8-3145,15/02/2016,GENERAL SURGERIES,13
T2-2142,15/02/2016,ORTHOPEDIC,3
T8-1754,15/02/2016,GROOMING,3
M8-7852,15/02/2016,GROOMING,1
T8-1754,16/02/2016,VACCINATIONS,5
L4-9973,17/02/2016,VACCINATIONS,5
L4-9973,17/02/2016,VACCINATIONS,5
F2-3235,17/02/2016,VACCINATIONS,5
I5-4893,17/02/2016,VACCINATIONS,5
M8-7852,17/02/2016,VACCINATIONS,5
P9-3625,17/02/2016,VACCINATIONS,5
V2-4634,17/02/2016,ORTHOPEDIC,5
T2-2142,17/02/2016,ORTHOPEDIC,2
S4-0789,17/02/2016,GROOMING,3
Q0-2001,18/02/2016,VACCINATIONS,5
I6-9459,19/02/2016,VACCINATIONS,5
J8-7429,19/02/2016,ORTHOPEDIC,2
Q2-3642,20/02/2016,VACCINATIONS,5
X0-8765,20/02/2016,VACCINATIONS,5
H2-8586,20/02/2016,VACCINATIONS,5
R7-4835,20/02/2016,GROOMING,3
W7-6372,20/02/2016,GROOMING,3
N0-9539,20/02/2016,GROOMING,1
P0-1725,20/02/2016,GENERAL SURGERIES,3
U2-7207,21/02/2016,VACCINATIONS,5
I7-9550,21/02/2016,GROOMING,1
T2-2142,21/02/2016,GROOMING,1
L4-6292,22/02/2016,VACCINATIONS,5
I7-9550,22/02/2016,VACCINATIONS,5
P7-2443,22/02/2016,GROOMING,3
S4-4013,22/02/2016,GROOMING,3
Q0-3593,22/02/2016,GROOMING,1
N0-9539,23/02/2016,VACCINATIONS,5
Q9-1565,23/02/2016,VACCINATIONS,5
U4-9376,23/02/2016,GENERAL SURGERIES,12
L4-4030,23/02/2016,GROOMING,3
Z6-3226,23/02/2016,GROOMING,1
T0-3277,24/02/2016,VACCINATIONS,5
W7-6372,24/02/2016,VACCINATIONS,5
V7-6771,24/02/2016,VACCINATIONS,5
T2-2142,24/02/2016,VACCINATIONS,5
Q0-2001,24/02/2016,VACCINATIONS,5
Z4-4045,24/02/2016,VACCINATIONS,5
I5-4893,24/02/2016,GROOMING,3
S5-5938,24/02/2016,GROOMING,1
H8-8856,24/02/2016,GENERAL SURGERIES,3
H8-8856,25/02/2016,VACCINATIONS,5
O3-1895,26/02/2016,VACCINATIONS,5
Q0-8904,26/02/2016,VACCINATIONS,5
M0-2904,26/02/2016,VACCINATIONS,5
U0-5987,26/02/2016,VACCINATIONS,5
V7-6771,26/02/2016,GROOMING,1
R7-4835,26/02/2016,GROOMING,1
W8-5750,27/02/2016,GENERAL SURGERIES,9
U6-4890,27/02/2016,VACCINATIONS,5
Z4-4045,27/02/2016,VACCINATIONS,5
S4-2254,27/02/2016,VACCINATIONS,5
O8-0027,27/02/2016,VACCINATIONS,5
V5-2342,27/02/2016,GENERAL SURGERIES,6
Q2-3642,27/02/2016,GROOMING,1
X6-4876,28/02/2016,VACCINATIONS,5
L4-2594,28/02/2016,VACCINATIONS,5
U4-6674,28/02/2016,VACCINATIONS,5
G9-0817,28/02/2016,VACCINATIONS,5
M0-2904,28/02/2016,ORTHOPEDIC,4
O1-7229,1/3/2016,VACCINATIONS,5
K0-8177,1/3/2016,GENERAL SURGERIES,7
U8-6473,2/3/2016,VACCINATIONS,5
F1-1855,2/3/2016,VACCINATIONS,5
P2-7342,2/3/2016,GROOMING,3
G6-6501,2/3/2016,GROOMING,1
P7-2443,2/3/2016,GROOMING,1
J6-8562,3/3/2016,VACCINATIONS,5
O8-0027,3/3/2016,VACCINATIONS,5
F6-5391,3/3/2016,VACCINATIONS,5
L4-6292,3/3/2016,VACCINATIONS,5
Q0-8904,3/3/2016,VACCINATIONS,5
T0-3277,3/3/2016,VACCINATIONS,5
T0-5705,3/3/2016,VACCINATIONS,5
L8-9022,3/3/2016,VACCINATIONS,5
S5-5938,3/3/2016,VACCINATIONS,5
J0-7893,3/3/2016,VACCINATIONS,5
Z4-5652,3/3/2016,VACCINATIONS,5
T0-3277,3/3/2016,VACCINATIONS,5
U4-9376,3/3/2016,VACCINATIONS,2
S5-5938,3/3/2016,GENERAL SURGERIES,14
R3-7551,3/3/2016,GENERAL SURGERIES,3
N8-0553,3/3/2016,GROOMING,3
L4-4030,3/3/2016,GROOMING,1
X7-2632,3/3/2016,GROOMING,1
G9-0817,3/3/2016,GROOMING,1
F6-5391,3/3/2016,GROOMING,1
L4-6292,4/3/2016,VACCINATIONS,5
Q8-8753,4/3/2016,VACCINATIONS,5
V7-6771,4/3/2016,GROOMING,1
P0-1725,5/3/2016,GENERAL SURGERIES,19
J8-7429,5/3/2016,VACCINATIONS,5
F1-1855,5/3/2016,VACCINATIONS,5
H8-1429,5/3/2016,VACCINATIONS,5
Z8-4419,5/3/2016,VACCINATIONS,5
U8-6473,5/3/2016,VACCINATIONS,5
S5-5938,5/3/2016,OFFICE FEES,2
F6-5391,5/3/2016,VACCINATIONS,5
L4-6292,5/3/2016,GENERAL SURGERIES,8
L4-6292,5/3/2016,GROOMING,1
X0-8765,5/3/2016,GROOMING,1
J1-6366,6/3/2016,VACCINATIONS,1
I2-7926,6/3/2016,VACCINATIONS,5
I2-7926,6/3/2016,VACCINATIONS,5
P0-1725,6/3/2016,VACCINATIONS,5
O6-3123,6/3/2016,VACCINATIONS,2
Z4-4045,7/3/2016,VACCINATIONS,5
J2-3320,7/3/2016,VACCINATIONS,5
S5-5938,7/3/2016,GENERAL SURGERIES,17
G0-7675,8/3/2016,VACCINATIONS,5
N7-6805,8/3/2016,VACCINATIONS,5
L8-0046,8/3/2016,VACCINATIONS,5
P7-2443,8/3/2016,VACCINATIONS,5
S1-2243,8/3/2016,VACCINATIONS,5
L4-4205,8/3/2016,VACCINATIONS,5
U2-7207,8/3/2016,VACCINATIONS,5
M4-9675,8/3/2016,VACCINATIONS,6
G0-8531,8/3/2016,GROOMING,3
L4-4030,8/3/2016,GROOMING,3
M8-7852,8/3/2016,GENERAL SURGERIES,3
F6-5391,9/3/2016,VACCINATIONS,5
G6-6501,9/3/2016,VACCINATIONS,5
Q8-0954,9/3/2016,VACCINATIONS,5
U2-4205,9/3/2016,GROOMING,1
J2-3320,10/3/2016,VACCINATIONS,5
L4-4205,10/3/2016,VACCINATIONS,5
Q8-3145,10/3/2016,VACCINATIONS,5
M8-7852,10/3/2016,VACCINATIONS,5
L8-0046,10/3/2016,VACCINATIONS,5
G9-0817,10/3/2016,VACCINATIONS,5
Q2-3642,10/3/2016,VACCINATIONS,5
L0-6660,10/3/2016,VACCINATIONS,5
X6-4876,10/3/2016,VACCINATIONS,5
R3-7551,10/3/2016,VACCINATIONS,5
G6-6501,10/3/2016,VACCINATIONS,5
S4-9578,10/3/2016,VACCINATIONS,5
Z8-4419,10/3/2016,VACCINATIONS,5
P1-2578,10/3/2016,VACCINATIONS,5
U2-7207,10/3/2016,VACCINATIONS,5
U8-6473,10/3/2016,VACCINATIONS,5
L4-6292,10/3/2016,VACCINATIONS,5
N6-7350,10/3/2016,VACCINATIONS,5
T0-3277,10/3/2016,ORTHOPEDIC,9
T0-3277,10/3/2016,GENERAL SURGERIES,5
Q2-3642,10/3/2016,GENERAL SURGERIES,16
L2-1834,10/3/2016,HOSPITALIZATION,1
U8-6473,10/3/2016,GENERAL SURGERIES,14
M2-1131,10/3/2016,GENERAL SURGERIES,13
X0-8765,10/3/2016,GROOMING,3
H8-1429,10/3/2016,GROOMING,1
U4-9376,10/3/2016,GROOMING,1
L4-4030,10/3/2016,GROOMING,1
S4-0789,10/3/2016,GROOMING,1
U6-4890,10/3/2016,GROOMING,1
S4-2254,11/3/2016,VACCINATIONS,3
J1-6366,12/3/2016,GENERAL SURGERIES,11
P2-7342,12/3/2016,VACCINATIONS,5
W7-6372,12/3/2016,VACCINATIONS,5
H8-1429,12/3/2016,VACCINATIONS,5
Q0-2001,12/3/2016,VACCINATIONS,5
K0-8177,12/3/2016,GENERAL SURGERIES,9
W7-6372,12/3/2016,GROOMING,3
X8-8611,13/03/2016,ORTHOPEDIC,4
P7-2443,14/03/2016,GROOMING,1
F1-1855,14/03/2016,GENERAL SURGERIES,3
K0-8177,15/03/2016,VACCINATIONS,5
X0-8765,16/03/2016,VACCINATIONS,5
L8-9022,16/03/2016,GROOMING,3
S4-4013,17/03/2016,ORTHOPEDIC,7
Q9-1565,17/03/2016,VACCINATIONS,5
R3-7551,17/03/2016,VACCINATIONS,5
L4-4205,17/03/2016,VACCINATIONS,5
Z4-4045,17/03/2016,VACCINATIONS,5
U4-5113,17/03/2016,VACCINATIONS,5
I2-7926,17/03/2016,VACCINATIONS,5
S4-9578,17/03/2016,VACCINATIONS,5
Q8-8753,17/03/2016,GROOMING,3
X8-8611,18/03/2016,ORTHOPEDIC,3
X7-2632,18/03/2016,VACCINATIONS,5
N6-7350,18/03/2016,VACCINATIONS,5
N8-0553,18/03/2016,VACCINATIONS,5
L2-1834,18/03/2016,VACCINATIONS,5
I7-9550,18/03/2016,VACCINATIONS,5
P1-2578,18/03/2016,VACCINATIONS,5
Q5-5872,18/03/2016,VACCINATIONS,5
O6-3123,18/03/2016,ORTHOPEDIC,5
G4-8096,18/03/2016,GENERAL SURGERIES,15
X6-4876,19/03/2016,VACCINATIONS,5
T8-1754,19/03/2016,VACCINATIONS,5
W7-6372,19/03/2016,VACCINATIONS,5
N0-9539,19/03/2016,VACCINATIONS,5
Q8-0954,19/03/2016,VACCINATIONS,5
X0-8765,19/03/2016,VACCINATIONS,5
P7-2443,19/03/2016,VACCINATIONS,5
V5-2342,19/03/2016,VACCINATIONS,5
S4-2254,19/03/2016,GENERAL SURGERIES,5
V2-4634,19/03/2016,GROOMING,1
S1-2243,19/03/2016,GROOMING,1
X7-2632,20/03/2016,VACCINATIONS,5
U0-5987,20/03/2016,GROOMING,3
L4-9973,21/03/2016,VACCINATIONS,5
U4-5113,21/03/2016,VACCINATIONS,5
S5-5938,21/03/2016,GENERAL SURGERIES,8
M8-7852,21/03/2016,GENERAL SURGERIES,2
F2-3235,22/03/2016,VACCINATIONS,5
U8-6473,23/03/2016,VACCINATIONS,5
P1-2578,23/03/2016,VACCINATIONS,5
F6-5391,23/03/2016,VACCINATIONS,5
U4-6674,23/03/2016,VACCINATIONS,5
P7-2443,24/03/2016,VACCINATIONS,5
J2-3320,24/03/2016,GROOMING,1
Z8-4419,25/03/2016,VACCINATIONS,5
V2-4634,26/03/2016,GENERAL SURGERIES,16
O3-1895,27/03/2016,GROOMING,3
Q9-1565,28/03/2016,GENERAL SURGERIES,18
R4-6131,28/03/2016,VACCINATIONS,5
U4-9376,28/03/2016,VACCINATIONS,5
L4-9973,28/03/2016,VACCINATIONS,5
X8-9212,28/03/2016,VACCINATIONS,5
N6-7350,28/03/2016,VACCINATIONS,5
P7-2443,28/03/2016,VACCINATIONS,5
Z8-4419,28/03/2016,VACCINATIONS,5
Q2-3642,28/03/2016,VACCINATIONS,5
J2-3320,28/03/2016,VACCINATIONS,5
T0-3277,28/03/2016,VACCINATIONS,5
X7-2632,28/03/2016,VACCINATIONS,5
X0-8765,28/03/2016,GENERAL SURGERIES,1
L4-4030,28/03/2016,GROOMING,3
N8-0553,28/03/2016,GROOMING,3
T8-1754,28/03/2016,GROOMING,3
G0-7675,28/03/2016,GROOMING,1
V5-2342,28/03/2016,GENERAL SURGERIES,3
F2-3235,28/03/2016,GENERAL SURGERIES,3
S5-5938,29/03/2016,VACCINATIONS,5
W7-6372,29/03/2016,VACCINATIONS,5
M8-7852,29/03/2016,GROOMING,3
K4-5012,29/03/2016,GROOMING,3
G6-6501,30/03/2016,VACCINATIONS,5
I2-7926,30/03/2016,GROOMING,3
T2-2142,31/03/2016,VACCINATIONS,5
Z6-3226,31/03/2016,VACCINATIONS,5
V4-6172,31/03/2016,GENERAL SURGERIES,9
O6-3123,31/03/2016,GROOMING,3
U2-7207,31/03/2016,GROOMING,3
V2-4634,1/4/2016,VACCINATIONS,5
G0-7675,2/4/2016,VACCINATIONS,5
G0-7675,3/4/2016,VACCINATIONS,5
P7-2443,3/4/2016,VACCINATIONS,5
S5-5938,3/4/2016,GENERAL SURGERIES,3
Z8-4419,3/4/2016,GENERAL SURGERIES,7
U4-9376,3/4/2016,GENERAL SURGERIES,8
R4-6131,3/4/2016,ORTHOPEDIC,8
G6-6501,3/4/2016,GENERAL SURGERIES,3
I7-9550,4/4/2016,VACCINATIONS,5
F2-3235,5/4/2016,VACCINATIONS,5
Q5-5872,6/4/2016,GENERAL SURGERIES,5
Z6-3226,6/4/2016,VACCINATIONS,5
U4-9376,6/4/2016,VACCINATIONS,5
N8-0553,6/4/2016,VACCINATIONS,5
R7-4835,6/4/2016,GROOMING,3
K4-5012,7/4/2016,VACCINATIONS,5
H8-8856,7/4/2016,GROOMING,1
O6-3123,7/4/2016,GROOMING,1
O8-0027,8/4/2016,OFFICE FEES,3
P9-3625,8/4/2016,VACCINATIONS,5
L2-1834,8/4/2016,VACCINATIONS,5
G6-6501,8/4/2016,VACCINATIONS,5
O8-2501,8/4/2016,GENERAL SURGERIES,3
J2-4382,9/4/2016,VACCINATIONS,5
N6-7350,9/4/2016,GENERAL SURGERIES,3
L4-2594,10/4/2016,VACCINATIONS,5
X8-9212,11/4/2016,VACCINATIONS,5
Z6-3226,11/4/2016,VACCINATIONS,5
Q8-0954,11/4/2016,VACCINATIONS,5
L2-1834,12/4/2016,GROOMING,3
P9-6519,12/4/2016,GROOMING,1
S4-1063,12/4/2016,GROOMING,1
T2-2142,12/4/2016,GENERAL SURGERIES,3
X7-2632,13/04/2016,GENERAL SURGERIES,4
N7-6805,13/04/2016,VACCINATIONS,5
N0-9539,13/04/2016,VACCINATIONS,5
N7-6805,13/04/2016,VACCINATIONS,5
G0-7675,13/04/2016,VACCINATIONS,2
L4-2594,13/04/2016,ORTHOPEDIC,4
S4-9578,13/04/2016,ORTHOPEDIC,6
L0-6660,13/04/2016,GROOMING,3
T0-3277,13/04/2016,GROOMING,1
L4-6292,13/04/2016,GENERAL SURGERIES,3
X6-4876,14/04/2016,VACCINATIONS,5
G9-0817,15/04/2016,VACCINATIONS,5
Q8-8753,15/04/2016,VACCINATIONS,5
L4-9973,15/04/2016,ORTHOPEDIC,6
R4-6131,15/04/2016,GROOMING,3
P7-2443,16/04/2016,GROOMING,3
Q8-3145,16/04/2016,VACCINATIONS,5
U8-6473,16/04/2016,VACCINATIONS,5
S1-2243,16/04/2016,OFFICE FEES,2
S5-5938,17/04/2016,VACCINATIONS,5
H8-1429,17/04/2016,GENERAL SURGERIES,3
L4-9973,18/04/2016,VACCINATIONS,5
R4-6131,18/04/2016,VACCINATIONS,5
Z4-5652,18/04/2016,GENERAL SURGERIES,12
X7-2632,18/04/2016,VACCINATIONS,3
Z4-4045,18/04/2016,GROOMING,1
Q9-1565,18/04/2016,GENERAL SURGERIES,3
V2-4634,19/04/2016,VACCINATIONS,5
O6-3123,20/04/2016,VACCINATIONS,5
S4-2254,21/04/2016,VACCINATIONS,5
T0-3277,21/04/2016,VACCINATIONS,5
F2-3235,21/04/2016,VACCINATIONS,5
J2-4382,21/04/2016,VACCINATIONS,5
Q4-9479,21/04/2016,VACCINATIONS,5
O6-3123,21/04/2016,VACCINATIONS,5
X7-2632,21/04/2016,VACCINATIONS,5
N7-6805,21/04/2016,VACCINATIONS,5
R3-7551,21/04/2016,VACCINATIONS,5
I6-9459,21/04/2016,GENERAL SURGERIES,5
O3-1895,21/04/2016,GENERAL SURGERIES,3
L8-0046,21/04/2016,GROOMING,3
J1-6366,21/04/2016,GROOMING,3
Z4-5652,21/04/2016,GROOMING,3
Q8-8753,21/04/2016,GROOMING,1
L8-9022,21/04/2016,GENERAL SURGERIES,3
I5-4893,22/04/2016,VACCINATIONS,5
V5-2342,22/04/2016,VACCINATIONS,5
U2-7207,22/04/2016,VACCINATIONS,5
L4-2594,22/04/2016,VACCINATIONS,5
X0-8765,22/04/2016,VACCINATIONS,5
W7-6372,22/04/2016,VACCINATIONS,5
K0-8177,22/04/2016,VACCINATIONS,5
P9-6519,22/04/2016,VACCINATIONS,5
G0-8531,22/04/2016,VACCINATIONS,5
U6-4890,22/04/2016,VACCINATIONS,5
F1-1855,22/04/2016,ORTHOPEDIC,9
P9-3625,22/04/2016,ORTHOPEDIC,1
W9-8307,22/04/2016,GROOMING,3
R7-4835,22/04/2016,GENERAL SURGERIES,3
U4-9376,23/04/2016,VACCINATIONS,5
S4-1063,24/04/2016,GENERAL SURGERIES,7
Q0-2001,24/04/2016,VACCINATIONS,5
K0-8177,24/04/2016,VACCINATIONS,5
F2-3235,24/04/2016,VACCINATIONS,5
I6-9459,24/04/2016,VACCINATIONS,5
U2-4205,24/04/2016,VACCINATIONS,5
L4-6292,24/04/2016,VACCINATIONS,5
S4-2254,24/04/2016,VACCINATIONS,5
S5-5938,24/04/2016,VACCINATIONS,5
S4-9578,24/04/2016,OFFICE FEES,1
X0-8765,24/04/2016,GROOMING,3
M2-1131,24/04/2016,GROOMING,1
Q8-3145,25/04/2016,VACCINATIONS,5
K0-8177,25/04/2016,VACCINATIONS,5
O1-7229,25/04/2016,VACCINATIONS,5
R3-7551,25/04/2016,VACCINATIONS,5
Z8-4419,25/04/2016,GROOMING,1
X7-2632,25/04/2016,GROOMING,1
S4-4013,26/04/2016,VACCINATIONS,5
X6-4876,26/04/2016,VACCINATIONS,5
V7-6771,27/04/2016,GROOMING,3
O6-3123,27/04/2016,GROOMING,1
P9-3625,28/04/2016,GENERAL SURGERIES,2
H2-8586,28/04/2016,GENERAL SURGERIES,16
U2-7207,29/04/2016,GROOMING,1
R3-7551,30/04/2016,VACCINATIONS,5
L0-6660,30/04/2016,VACCINATIONS,5
F2-3235,30/04/2016,VACCINATIONS,5
X7-2632,30/04/2016,GENERAL SURGERIES,10
Q8-8753,30/04/2016,GROOMING,1
O8-2501,1/5/2016,GENERAL SURGERIES,3
Q0-8904,1/5/2016,VACCINATIONS,5
P9-6519,1/5/2016,VACCINATIONS,5
K4-5012,1/5/2016,VACCINATIONS,5
L2-1834,1/5/2016,VACCINATIONS,5
V4-6172,1/5/2016,VACCINATIONS,5
M2-1131,1/5/2016,VACCINATIONS,5
V4-6172,1/5/2016,VACCINATIONS,5
U4-5113,1/5/2016,VACCINATIONS,5
V4-6172,1/5/2016,VACCINATIONS,1
S5-5938,1/5/2016,GROOMING,3
V2-4634,1/5/2016,GROOMING,1
M0-2904,1/5/2016,GROOMING,1
V4-6172,1/5/2016,GENERAL SURGERIES,3
N6-7350,2/5/2016,VACCINATIONS,5
S4-1063,2/5/2016,VACCINATIONS,5
Q0-3593,2/5/2016,VACCINATIONS,5
J2-3320,2/5/2016,ORTHOPEDIC,7
Q8-3145,2/5/2016,GROOMING,3
F2-3235,2/5/2016,GROOMING,1
Q8-8753,2/5/2016,GENERAL SURGERIES,3
G9-0817,3/5/2016,GENERAL SURGERIES,11
S4-4013,3/5/2016,GROOMING,1
I5-4893,4/5/2016,VACCINATIONS,3
F6-5391,4/5/2016,GENERAL SURGERIES,15
N0-9539,4/5/2016,VACCINATIONS,5
J2-4382,4/5/2016,VACCINATIONS,5
Z4-4045,4/5/2016,VACCINATIONS,5
P1-2578,4/5/2016,VACCINATIONS,5
H8-8856,4/5/2016,VACCINATIONS,5
Q8-8753,4/5/2016,VACCINATIONS,5
F1-1855,4/5/2016,VACCINATIONS,5
T0-3277,4/5/2016,VACCINATIONS,5
T2-2142,4/5/2016,VACCINATIONS,5
V2-4634,4/5/2016,VACCINATIONS,5
P9-6519,4/5/2016,VACCINATIONS,5
N6-7350,4/5/2016,GENERAL SURGERIES,9
L4-9973,4/5/2016,GENERAL SURGERIES,2
S4-9578,4/5/2016,GROOMING,3
G9-0817,4/5/2016,GROOMING,1
S4-0789,4/5/2016,GENERAL SURGERIES,3
L2-1834,5/5/2016,VACCINATIONS,5
U6-4890,5/5/2016,VACCINATIONS,5
U8-6473,5/5/2016,ORTHOPEDIC,7
S4-9578,5/5/2016,GENERAL SURGERIES,5
G9-0817,6/5/2016,VACCINATIONS,5
P9-3625,6/5/2016,VACCINATIONS,5
G6-6501,6/5/2016,GROOMING,1
Q8-0954,6/5/2016,GROOMING,1
U6-4890,7/5/2016,VACCINATIONS,5
V2-4634,7/5/2016,VACCINATIONS,5
H8-8856,7/5/2016,VACCINATIONS,5
V5-2342,7/5/2016,VACCINATIONS,5
L2-1834,7/5/2016,VACCINATIONS,5
Z4-5652,7/5/2016,VACCINATIONS,5
J8-7429,7/5/2016,VACCINATIONS,5
G4-8096,7/5/2016,VACCINATIONS,5
S4-2254,7/5/2016,GENERAL SURGERIES,10
P9-6519,7/5/2016,OFFICE FEES,3
Z4-5652,7/5/2016,GENERAL SURGERIES,3
U2-7207,8/5/2016,VACCINATIONS,5
L4-2594,8/5/2016,VACCINATIONS,5
I7-9550,8/5/2016,VACCINATIONS,5
L2-1834,8/5/2016,VACCINATIONS,5
P2-7342,8/5/2016,VACCINATIONS,5
J0-7893,8/5/2016,VACCINATIONS,5
G4-8096,8/5/2016,VACCINATIONS,5
L4-6292,8/5/2016,VACCINATIONS,5
K0-8177,8/5/2016,VACCINATIONS,5
Z6-3226,8/5/2016,VACCINATIONS,5
Q8-0954,8/5/2016,VACCINATIONS,5
Q8-3145,8/5/2016,VACCINATIONS,5
J0-7893,8/5/2016,VACCINATIONS,5
R3-7551,8/5/2016,VACCINATIONS,5
O5-2472,8/5/2016,VACCINATIONS,5
S4-2254,8/5/2016,VACCINATIONS,5
M0-2904,8/5/2016,VACCINATIONS,5
Q0-3593,8/5/2016,VACCINATIONS,5
Q0-2001,8/5/2016,ORTHOPEDIC,8
L8-0046,8/5/2016,VACCINATIONS,2
U2-7207,8/5/2016,GROOMING,3
N0-9539,8/5/2016,GROOMING,3
N7-6805,8/5/2016,GROOMING,1
Z4-4045,9/5/2016,VACCINATIONS,5
W9-8307,9/5/2016,VACCINATIONS,5
L0-6660,9/5/2016,VACCINATIONS,5
P9-6519,9/5/2016,VACCINATIONS,5
S4-4013,10/5/2016,VACCINATIONS,5
V5-2342,10/5/2016,VACCINATIONS,5
Q0-2001,10/5/2016,VACCINATIONS,5
O8-2501,10/5/2016,VACCINATIONS,5
V2-4634,10/5/2016,VACCINATIONS,5
U4-5113,11/5/2016,GENERAL SURGERIES,3
R3-7551,12/5/2016,VACCINATIONS,5
I5-4893,12/5/2016,VACCINATIONS,5
V7-6771,12/5/2016,VACCINATIONS,5
O5-2472,12/5/2016,VACCINATIONS,5
Q2-3642,12/5/2016,VACCINATIONS,5
Q8-3145,12/5/2016,VACCINATIONS,5
J1-6366,12/5/2016,VACCINATIONS,5
M8-7852,12/5/2016,VACCINATIONS,5
O8-0027,12/5/2016,VACCINATIONS,5
I2-7926,12/5/2016,VACCINATIONS,5
V2-4634,12/5/2016,VACCINATIONS,5
S4-4013,12/5/2016,VACCINATIONS,5
N7-6805,12/5/2016,VACCINATIONS,5
G0-8531,12/5/2016,ORTHOPEDIC,8
V5-2342,12/5/2016,GROOMING,3
O8-0027,12/5/2016,GROOMING,3
T2-2142,12/5/2016,GROOMING,1
M2-1131,12/5/2016,GROOMING,1
P0-1725,13/05/2016,GENERAL SURGERIES,12
T0-5705,14/05/2016,VACCINATIONS,5
I2-7926,14/05/2016,VACCINATIONS,5
X8-9212,14/05/2016,VACCINATIONS,5
J2-4382,14/05/2016,ORTHOPEDIC,1
O1-7229,14/05/2016,GROOMING,3
L2-1834,14/05/2016,GROOMING,3
R3-7551,15/05/2016,VACCINATIONS,5
L4-9973,15/05/2016,VACCINATIONS,5
Q9-1565,15/05/2016,VACCINATIONS,5
R7-4835,15/05/2016,VACCINATIONS,5
N0-9539,15/05/2016,VACCINATIONS,5
P7-2443,15/05/2016,GENERAL SURGERIES,15
P2-7342,15/05/2016,ORTHOPEDIC,8
R7-4835,15/05/2016,VACCINATIONS,6
V7-6771,15/05/2016,GROOMING,3
L4-4205,15/05/2016,GROOMING,3
O3-1895,15/05/2016,GROOMING,1
J2-4382,16/05/2016,OFFICE FEES,1
O3-1895,16/05/2016,GENERAL SURGERIES,3
Q8-8753,17/05/2016,VACCINATIONS,5
P0-1725,17/05/2016,VACCINATIONS,5
P0-1725,17/05/2016,VACCINATIONS,5
Q8-3145,17/05/2016,GROOMING,3
S5-5938,18/05/2016,VACCINATIONS,3
L2-1834,18/05/2016,VACCINATIONS,5
S4-4013,18/05/2016,VACCINATIONS,2
S4-4013,19/05/2016,VACCINATIONS,5
J2-4382,19/05/2016,VACCINATIONS,5
M4-9675,19/05/2016,VACCINATIONS,5
U8-6473,20/05/2016,GROOMING,3
S4-0789,20/05/2016,GENERAL SURGERIES,3
Q9-1565,21/05/2016,VACCINATIONS,5
H2-8586,21/05/2016,VACCINATIONS,5
L4-6292,21/05/2016,GROOMING,1
V4-6172,21/05/2016,GROOMING,1
G4-8096,22/05/2016,VACCINATIONS,5
U4-6674,22/05/2016,VACCINATIONS,5
U0-5987,22/05/2016,VACCINATIONS,5
O3-1895,22/05/2016,GENERAL SURGERIES,5
J8-7429,22/05/2016,GENERAL SURGERIES,16
T0-3277,22/05/2016,OFFICE FEES,2
Q0-8904,22/05/2016,GROOMING,3
L4-4030,22/05/2016,GROOMING,3
T0-3277,22/05/2016,GROOMING,3
F1-1855,23/05/2016,VACCINATIONS,5
O6-3123,24/05/2016,VACCINATIONS,3
W8-5750,24/05/2016,VACCINATIONS,5
N7-6805,24/05/2016,VACCINATIONS,5
L8-0046,24/05/2016,VACCINATIONS,5
M8-7852,24/05/2016,VACCINATIONS,5
S4-9578,24/05/2016,VACCINATIONS,5
O3-1895,24/05/2016,VACCINATIONS,5
M8-7852,24/05/2016,VACCINATIONS,5
L4-2594,24/05/2016,VACCINATIONS,5
V5-2342,24/05/2016,VACCINATIONS,5
G4-8096,24/05/2016,VACCINATIONS,5
K0-8177,24/05/2016,GENERAL SURGERIES,17
K4-5012,24/05/2016,GROOMING,1
J8-7429,24/05/2016,GROOMING,1
P0-1725,24/05/2016,GENERAL SURGERIES,3
W9-8307,25/05/2016,VACCINATIONS,2
X7-2632,25/05/2016,VACCINATIONS,5
X6-4876,25/05/2016,VACCINATIONS,5
P7-2443,25/05/2016,VACCINATIONS,5
P9-6519,25/05/2016,VACCINATIONS,5
Z8-4419,25/05/2016,GENERAL SURGERIES,9
T2-2142,25/05/2016,GROOMING,3
U6-4890,25/05/2016,GROOMING,3
I5-4893,25/05/2016,GROOMING,3
S4-1063,26/05/2016,GENERAL SURGERIES,10
S4-0789,26/05/2016,VACCINATIONS,5
K4-5012,26/05/2016,GENERAL SURGERIES,13
S4-1063,27/05/2016,VACCINATIONS,5
V7-6771,27/05/2016,ORTHOPEDIC,9
V5-2342,27/05/2016,GENERAL SURGERIES,10
J2-4382,28/05/2016,GENERAL SURGERIES,18
P2-7342,28/05/2016,VACCINATIONS,1
Q8-3145,28/05/2016,VACCINATIONS,6
U4-5113,28/05/2016,VACCINATIONS,5
L4-6292,28/05/2016,VACCINATIONS,5
M8-7852,28/05/2016,VACCINATIONS,5
S4-4013,28/05/2016,VACCINATIONS,5
Q0-8904,28/05/2016,VACCINATIONS,5
J0-7893,28/05/2016,VACCINATIONS,5
N8-0553,28/05/2016,VACCINATIONS,5
T8-1754,28/05/2016,VACCINATIONS,5
O8-0027,28/05/2016,VACCINATIONS,5
H8-1429,28/05/2016,VACCINATIONS,5
P0-1725,28/05/2016,VACCINATIONS,5
U2-4205,28/05/2016,GENERAL SURGERIES,11
V7-6771,28/05/2016,ORTHOPEDIC,2
M8-7852,28/05/2016,VACCINATIONS,1
U4-9376,28/05/2016,ORTHOPEDIC,2
U0-5987,28/05/2016,GENERAL SURGERIES,4
N8-0553,28/05/2016,GROOMING,2
T0-3277,28/05/2016,VACCINATIONS,1
P9-6519,28/05/2016,GENERAL SURGERIES,11
H8-8856,28/05/2016,GROOMING,3
U2-4205,28/05/2016,GROOMING,1
T0-5705,28/05/2016,GROOMING,1
U2-7207,29/05/2016,VACCINATIONS,6
L4-4205,29/05/2016,VACCINATIONS,5
Q2-3642,29/05/2016,VACCINATIONS,5
N7-6805,30/05/2016,VACCINATIONS,5
X0-8765,30/05/2016,VACCINATIONS,5
G6-6501,30/05/2016,VACCINATIONS,5
J2-3320,30/05/2016,VACCINATIONS,5
J0-7893,30/05/2016,VACCINATIONS,5
Z6-3226,30/05/2016,VACCINATIONS,5
L8-0046,30/05/2016,VACCINATIONS,5
O8-2501,30/05/2016,VACCINATIONS,5
J1-6366,30/05/2016,VACCINATIONS,5
O5-2472,30/05/2016,GROOMING,1
J1-6366,31/05/2016,GROOMING,1
U2-7207,1/6/2016,VACCINATIONS,5
H8-8856,1/6/2016,VACCINATIONS,5
U2-4205,1/6/2016,GENERAL SURGERIES,17
U6-4890,1/6/2016,GROOMING,3
U6-4890,1/6/2016,GROOMING,1
P1-2578,1/6/2016,GENERAL SURGERIES,3
G0-8531,2/6/2016,VACCINATIONS,5
V5-2342,2/6/2016,VACCINATIONS,5
Q8-0954,2/6/2016,VACCINATIONS,5
G0-8531,2/6/2016,VACCINATIONS,5
O1-7229,2/6/2016,VACCINATIONS,5
Q8-0954,2/6/2016,VACCINATIONS,5
X8-8611,2/6/2016,VACCINATIONS,5
U0-5987,2/6/2016,VACCINATIONS,5
M4-9675,2/6/2016,VACCINATIONS,5
N8-0553,2/6/2016,VACCINATIONS,5
V4-6172,2/6/2016,VACCINATIONS,5
G0-8531,2/6/2016,VACCINATIONS,5
Q0-3593,2/6/2016,VACCINATIONS,5
S4-9578,2/6/2016,ORTHOPEDIC,7
G9-0817,2/6/2016,ORTHOPEDIC,4
Z4-5652,2/6/2016,VACCINATIONS,6
Q8-0954,2/6/2016,GROOMING,3
Z4-4045,2/6/2016,GROOMING,1
Q0-2001,2/6/2016,GENERAL SURGERIES,3
G0-8531,3/6/2016,VACCINATIONS,5
P9-3625,4/6/2016,VACCINATIONS,5
T8-1754,4/6/2016,VACCINATIONS,5
P9-6519,4/6/2016,VACCINATIONS,5
Z4-4045,4/6/2016,VACCINATIONS,5
P9-3625,4/6/2016,ORTHOPEDIC,6
Q0-2001,4/6/2016,GROOMING,1
H8-8856,5/6/2016,VACCINATIONS,5
V5-2342,6/6/2016,VACCINATIONS,5
K4-5012,6/6/2016,VACCINATIONS,5
X7-2632,7/6/2016,ORTHOPEDIC,3
U4-5113,7/6/2016,GROOMING,1
U4-9376,8/6/2016,VACCINATIONS,5
L4-9973,8/6/2016,VACCINATIONS,5
F1-1855,8/6/2016,GENERAL SURGERIES,1
X8-9212,8/6/2016,VACCINATIONS,3
H2-8586,8/6/2016,GROOMING,1
P0-1725,9/6/2016,VACCINATIONS,5
J2-4382,10/6/2016,GENERAL SURGERIES,12
S4-4013,10/6/2016,VACCINATIONS,5
S4-0789,10/6/2016,VACCINATIONS,5
W7-6372,10/6/2016,GROOMING,3
K0-8177,11/6/2016,VACCINATIONS,5
X8-8611,11/6/2016,GENERAL SURGERIES,11
K4-5012,11/6/2016,GROOMING,1
Q0-8904,12/6/2016,VACCINATIONS,5
G6-6501,12/6/2016,VACCINATIONS,5
S5-5938,13/06/2016,GROOMING,1
W7-6372,13/06/2016,GROOMING,1
T0-3277,14/06/2016,VACCINATIONS,5
P9-6519,14/06/2016,VACCINATIONS,5
Q8-0954,14/06/2016,ORTHOPEDIC,8
U6-4890,15/06/2016,VACCINATIONS,5
U6-4890,15/06/2016,VACCINATIONS,5
L4-6292,15/06/2016,VACCINATIONS,4
R7-4835,16/06/2016,VACCINATIONS,5
Z6-3226,16/06/2016,VACCINATIONS,5
R7-4835,17/06/2016,VACCINATIONS,5
T0-5705,17/06/2016,VACCINATIONS,5
L4-6292,17/06/2016,GENERAL SURGERIES,2
S4-4013,17/06/2016,GROOMING,3
I5-4893,17/06/2016,GROOMING,1
U8-6473,18/06/2016,GROOMING,3
Z4-4045,18/06/2016,GROOMING,1
G0-7675,19/06/2016,GENERAL SURGERIES,2
L4-6292,19/06/2016,GROOMING,3
O5-2472,20/06/2016,VACCINATIONS,5
Q8-3145,20/06/2016,VACCINATIONS,5
S4-4013,20/06/2016,GROOMING,3
X0-8765,20/06/2016,GROOMING,1
S1-2243,21/06/2016,VACCINATIONS,5
O8-0027,21/06/2016,VACCINATIONS,5
Q8-8753,21/06/2016,VACCINATIONS,5
W8-5750,21/06/2016,ORTHOPEDIC,3
L2-1834,21/06/2016,GROOMING,1
V2-4634,22/06/2016,VACCINATIONS,5
V5-2342,22/06/2016,OFFICE FEES,1
W8-5750,23/06/2016,VACCINATIONS,5
Q0-2001,23/06/2016,VACCINATIONS,5
L4-2594,23/06/2016,VACCINATIONS,5
S4-0789,23/06/2016,VACCINATIONS,5
V7-6771,23/06/2016,VACCINATIONS,5
Z4-4045,23/06/2016,GENERAL SURGERIES,7
S4-1063,23/06/2016,GROOMING,3
W9-8307,23/06/2016,GROOMING,1
H8-1429,24/06/2016,VACCINATIONS,5
V2-4634,24/06/2016,ORTHOPEDIC,6
V7-6771,25/06/2016,OFFICE FEES,2
U0-5987,25/06/2016,GENERAL SURGERIES,11
T2-2142,25/06/2016,VACCINATIONS,5
Z4-5652,25/06/2016,VACCINATIONS,5
R7-4835,25/06/2016,VACCINATIONS,5
R7-4835,25/06/2016,VACCINATIONS,5
H2-8586,25/06/2016,VACCINATIONS,5
G9-0817,25/06/2016,VACCINATIONS,5
P1-2578,25/06/2016,VACCINATIONS,5
M2-1131,25/06/2016,VACCINATIONS,5
I5-4893,25/06/2016,VACCINATIONS,5
M8-7852,25/06/2016,VACCINATIONS,4
U4-9376,25/06/2016,VACCINATIONS,5
X0-8765,25/06/2016,GENERAL SURGERIES,11
V2-4634,25/06/2016,GROOMING,3
F2-3235,26/06/2016,VACCINATIONS,5
O5-2472,26/06/2016,VACCINATIONS,5
L8-0046,26/06/2016,VACCINATIONS,5
L4-9973,26/06/2016,VACCINATIONS,5
U4-9376,26/06/2016,VACCINATIONS,5
T0-3277,26/06/2016,VACCINATIONS,5
G0-8531,26/06/2016,GENERAL SURGERIES,6
U4-5113,26/06/2016,GENERAL SURGERIES,17
X6-4876,26/06/2016,GROOMING,3
Q5-5872,26/06/2016,GROOMING,3
R3-7551,26/06/2016,GROOMING,1
L0-6660,26/06/2016,GROOMING,1
X8-9212,27/06/2016,ORTHOPEDIC,4
F1-1855,27/06/2016,VACCINATIONS,5
Q8-0954,27/06/2016,VACCINATIONS,5
L4-2594,27/06/2016,VACCINATIONS,5
S4-4013,27/06/2016,VACCINATIONS,5
G0-7675,27/06/2016,GENERAL SURGERIES,4
W9-8307,27/06/2016,GENERAL SURGERIES,11
X7-2632,27/06/2016,GROOMING,1
J0-7893,28/06/2016,VACCINATIONS,5
R4-6131,28/06/2016,GENERAL SURGERIES,5
S4-9578,28/06/2016,GROOMING,1
L4-9973,29/06/2016,VACCINATIONS,5
Q5-5872,29/06/2016,VACCINATIONS,5
P1-2578,29/06/2016,VACCINATIONS,5
H2-8586,29/06/2016,VACCINATIONS,5
G9-0817,29/06/2016,VACCINATIONS,5
L0-6660,29/06/2016,VACCINATIONS,5
L8-9022,29/06/2016,GROOMING,1
H2-8586,29/06/2016,GROOMING,1
S1-2243,29/06/2016,GROOMING,1
I7-9550,29/06/2016,GENERAL SURGERIES,3
X8-8611,29/06/2016,GENERAL SURGERIES,3
N7-6805,30/06/2016,VACCINATIONS,5
U4-5113,30/06/2016,VACCINATIONS,5
W7-6372,30/06/2016,VACCINATIONS,5
I6-9459,30/06/2016,VACCINATIONS,5
T0-3277,30/06/2016,GROOMING,3
L4-6292,30/06/2016,GROOMING,3
G6-6501,1/7/2016,VACCINATIONS,5
U4-6674,1/7/2016,VACCINATIONS,5
J0-7893,1/7/2016,VACCINATIONS,5
S5-5938,1/7/2016,VACCINATIONS,5
Q8-8753,1/7/2016,VACCINATIONS,5
U8-6473,1/7/2016,VACCINATIONS,5
P9-6519,1/7/2016,VACCINATIONS,5
P2-7342,1/7/2016,GENERAL SURGERIES,14
F1-1855,1/7/2016,GROOMING,3
Q0-8904,1/7/2016,GROOMING,3
P9-3625,1/7/2016,GROOMING,1
N8-0553,1/7/2016,GROOMING,1
N8-0553,1/7/2016,GROOMING,1
L4-4205,2/7/2016,VACCINATIONS,5
R4-6131,2/7/2016,VACCINATIONS,5
U2-4205,2/7/2016,VACCINATIONS,5
H2-8586,2/7/2016,VACCINATIONS,5
Z4-5652,2/7/2016,VACCINATIONS,5
J8-7429,2/7/2016,VACCINATIONS,5
M2-1131,2/7/2016,GROOMING,3
Z8-4419,3/7/2016,GENERAL SURGERIES,10
G9-0817,4/7/2016,VACCINATIONS,4
V4-6172,4/7/2016,VACCINATIONS,5
J2-3320,4/7/2016,VACCINATIONS,5
Q0-2001,4/7/2016,VACCINATIONS,5
Q8-0954,4/7/2016,VACCINATIONS,5
Z4-5652,4/7/2016,VACCINATIONS,5
S4-9578,4/7/2016,VACCINATIONS,5
Z4-4045,4/7/2016,VACCINATIONS,5
P9-3625,4/7/2016,VACCINATIONS,5
H8-8856,4/7/2016,VACCINATIONS,2
M2-1131,4/7/2016,GROOMING,3
I5-4893,4/7/2016,GENERAL SURGERIES,3
U2-7207,5/7/2016,VACCINATIONS,5
O8-0027,5/7/2016,VACCINATIONS,5
V4-6172,5/7/2016,VACCINATIONS,5
X0-8765,5/7/2016,VACCINATIONS,5
Q9-1565,5/7/2016,VACCINATIONS,5
V7-6771,5/7/2016,VACCINATIONS,5
N8-0553,6/7/2016,GENERAL SURGERIES,12
F6-5391,6/7/2016,GENERAL SURGERIES,4
L4-6292,6/7/2016,GENERAL SURGERIES,9
T0-3277,6/7/2016,VACCINATIONS,5
R7-4835,6/7/2016,VACCINATIONS,5
G0-8531,6/7/2016,VACCINATIONS,5
I7-9550,6/7/2016,VACCINATIONS,5
G9-0817,6/7/2016,VACCINATIONS,5
V2-4634,6/7/2016,VACCINATIONS,5
L8-0046,6/7/2016,VACCINATIONS,5
J8-7429,6/7/2016,VACCINATIONS,5
W9-8307,6/7/2016,VACCINATIONS,5
X7-2632,6/7/2016,VACCINATIONS,5
F1-1855,6/7/2016,VACCINATIONS,5
H2-8586,6/7/2016,VACCINATIONS,5
J0-7893,6/7/2016,VACCINATIONS,5
N7-6805,6/7/2016,VACCINATIONS,5
Z4-4045,6/7/2016,VACCINATIONS,5
Z4-4045,6/7/2016,VACCINATIONS,5
O3-1895,6/7/2016,VACCINATIONS,5
L8-0046,6/7/2016,GENERAL SURGERIES,9
O3-1895,6/7/2016,GROOMING,1
L4-2594,6/7/2016,GROOMING,3
U6-4890,6/7/2016,GROOMING,3
Q5-5872,6/7/2016,GROOMING,3
L2-1834,6/7/2016,GROOMING,3
U4-5113,6/7/2016,GENERAL SURGERIES,3
U4-6674,7/7/2016,VACCINATIONS,5
R4-6131,7/7/2016,VACCINATIONS,5
J0-7893,8/7/2016,VACCINATIONS,5
S4-0789,8/7/2016,VACCINATIONS,5
S4-4013,9/7/2016,VACCINATIONS,5
O6-3123,9/7/2016,VACCINATIONS,5
O8-0027,10/7/2016,VACCINATIONS,5
J2-4382,10/7/2016,VACCINATIONS,5
F6-5391,10/7/2016,VACCINATIONS,5
O5-2472,10/7/2016,VACCINATIONS,5
R3-7551,10/7/2016,VACCINATIONS,5
Q5-5872,10/7/2016,VACCINATIONS,5
Q8-3145,10/7/2016,VACCINATIONS,5
U4-6674,10/7/2016,ORTHOPEDIC,6
M2-1131,10/7/2016,GENERAL SURGERIES,13
L0-6660,10/7/2016,GENERAL SURGERIES,5
G6-6501,10/7/2016,GROOMING,3
P1-2578,10/7/2016,GROOMING,1
X8-9212,11/7/2016,VACCINATIONS,5
G9-0817,11/7/2016,VACCINATIONS,5
I2-7926,11/7/2016,VACCINATIONS,5
W7-6372,11/7/2016,VACCINATIONS,5
O8-0027,11/7/2016,GENERAL SURGERIES,3
P9-3625,11/7/2016,GENERAL SURGERIES,17
U2-4205,12/7/2016,VACCINATIONS,5
N6-7350,12/7/2016,VACCINATIONS,5
X8-8611,12/7/2016,GROOMING,3
J8-7429,12/7/2016,GROOMING,3
X0-8765,12/7/2016,GROOMING,1
L8-0046,13/07/2016,VACCINATIONS,5
P7-2443,13/07/2016,VACCINATIONS,5
O5-2472,13/07/2016,VACCINATIONS,5
V2-4634,13/07/2016,VACCINATIONS,5
P7-2443,13/07/2016,VACCINATIONS,5
Q0-2001,13/07/2016,GROOMING,3
M8-7852,13/07/2016,GROOMING,1
V4-6172,13/07/2016,GROOMING,1
O5-2472,14/07/2016,VACCINATIONS,5
U2-4205,15/07/2016,VACCINATIONS,5
U6-4890,15/07/2016,VACCINATIONS,5
S1-2243,15/07/2016,VACCINATIONS,5
P7-2443,15/07/2016,GROOMING,3
P9-6519,15/07/2016,GROOMING,3
J8-7429,15/07/2016,GROOMING,3
R3-7551,15/07/2016,GROOMING,1
P9-3625,16/07/2016,GENERAL SURGERIES,16
X6-4876,16/07/2016,VACCINATIONS,5
L4-2594,16/07/2016,VACCINATIONS,5
T0-3277,16/07/2016,VACCINATIONS,5
L4-2594,16/07/2016,VACCINATIONS,5
L4-4205,16/07/2016,VACCINATIONS,5
X7-2632,16/07/2016,VACCINATIONS,5
O1-7229,16/07/2016,VACCINATIONS,5
V4-6172,16/07/2016,VACCINATIONS,5
G0-7675,16/07/2016,VACCINATIONS,5
Z4-5652,16/07/2016,VACCINATIONS,5
O6-3123,16/07/2016,VACCINATIONS,5
O1-7229,16/07/2016,VACCINATIONS,5
P2-7342,16/07/2016,ORTHOPEDIC,1
L2-1834,16/07/2016,GENERAL SURGERIES,10
J1-6366,16/07/2016,GENERAL SURGERIES,18
U2-4205,16/07/2016,GROOMING,3
S1-2243,16/07/2016,GROOMING,3
Z8-4419,16/07/2016,GENERAL SURGERIES,3
L2-1834,17/07/2016,VACCINATIONS,5
F6-5391,17/07/2016,VACCINATIONS,5
N8-0553,17/07/2016,VACCINATIONS,5
S4-0789,17/07/2016,VACCINATIONS,5
U6-4890,17/07/2016,GROOMING,2
N7-6805,17/07/2016,HOSPITALIZATION,1
H8-8856,17/07/2016,GROOMING,1
J8-7429,18/07/2016,VACCINATIONS,5
W8-5750,18/07/2016,VACCINATIONS,5
W9-8307,18/07/2016,VACCINATIONS,5
X0-8765,18/07/2016,VACCINATIONS,5
S4-0789,18/07/2016,VACCINATIONS,5
T0-3277,18/07/2016,GROOMING,1
J1-6366,18/07/2016,GROOMING,1
G0-8531,18/07/2016,GROOMING,1
W9-8307,19/07/2016,VACCINATIONS,5
G4-8096,20/07/2016,VACCINATIONS,1
H2-8586,20/07/2016,VACCINATIONS,5
M0-2904,20/07/2016,VACCINATIONS,5
Z4-4045,20/07/2016,VACCINATIONS,5
O8-0027,20/07/2016,VACCINATIONS,5
Q8-3145,20/07/2016,ORTHOPEDIC,7
Q9-1565,20/07/2016,GROOMING,1
X7-2632,21/07/2016,VACCINATIONS,5
K4-5012,21/07/2016,VACCINATIONS,5
W9-8307,21/07/2016,VACCINATIONS,5
T8-1754,21/07/2016,VACCINATIONS,5
Q5-5872,21/07/2016,VACCINATIONS,5
Q0-2001,21/07/2016,VACCINATIONS,5
Q0-2001,21/07/2016,VACCINATIONS,5
Z4-4045,21/07/2016,VACCINATIONS,5
R7-4835,21/07/2016,VACCINATIONS,5
M4-9675,21/07/2016,VACCINATIONS,5
F2-3235,21/07/2016,VACCINATIONS,5
I2-7926,21/07/2016,VACCINATIONS,5
O3-1895,21/07/2016,ORTHOPEDIC,8
S4-4013,21/07/2016,VACCINATIONS,4
Q0-2001,21/07/2016,ORTHOPEDIC,9
F2-3235,21/07/2016,GROOMING,3
J0-7893,21/07/2016,GROOMING,1
V7-6771,22/07/2016,OFFICE FEES,3
O1-7229,22/07/2016,VACCINATIONS,5
Q8-3145,22/07/2016,VACCINATIONS,5
V2-4634,22/07/2016,VACCINATIONS,5
T0-5705,22/07/2016,VACCINATIONS,5
O8-2501,22/07/2016,VACCINATIONS,5
R7-4835,22/07/2016,VACCINATIONS,5
Q8-3145,22/07/2016,VACCINATIONS,5
J8-7429,22/07/2016,VACCINATIONS,4
G4-8096,22/07/2016,GROOMING,3
M8-7852,22/07/2016,GENERAL SURGERIES,3
I5-4893,23/07/2016,VACCINATIONS,2
J2-3320,23/07/2016,GROOMING,3
J2-4382,24/07/2016,GENERAL SURGERIES,18
M8-7852,25/07/2016,VACCINATIONS,5
U6-4890,25/07/2016,VACCINATIONS,5
L4-4205,25/07/2016,VACCINATIONS,5
U0-5987,25/07/2016,OFFICE FEES,1
U4-6674,25/07/2016,GROOMING,3
X0-8765,25/07/2016,GROOMING,3
G0-7675,26/07/2016,VACCINATIONS,5
J1-6366,26/07/2016,GENERAL SURGERIES,2
O6-3123,26/07/2016,GROOMING,1
U4-5113,27/07/2016,VACCINATIONS,4
N7-6805,28/07/2016,GENERAL SURGERIES,6
X8-8611,28/07/2016,VACCINATIONS,5
J2-3320,28/07/2016,VACCINATIONS,5
F1-1855,28/07/2016,VACCINATIONS,5
I5-4893,28/07/2016,VACCINATIONS,5
L8-0046,28/07/2016,VACCINATIONS,5
Q0-8904,28/07/2016,VACCINATIONS,5
N7-6805,28/07/2016,VACCINATIONS,5
L0-6660,28/07/2016,ORTHOPEDIC,2
L4-2594,28/07/2016,GROOMING,3
X6-4876,28/07/2016,GROOMING,1
M0-2904,28/07/2016,GROOMING,1
O8-2501,29/07/2016,GENERAL SURGERIES,3
H2-8586,30/07/2016,VACCINATIONS,5
N8-0553,30/07/2016,VACCINATIONS,5
S4-2254,30/07/2016,VACCINATIONS,5
G0-8531,30/07/2016,VACCINATIONS,5
P9-6519,30/07/2016,VACCINATIONS,5
S4-9578,30/07/2016,VACCINATIONS,5
P1-2578,30/07/2016,VACCINATIONS,5
Q2-3642,30/07/2016,VACCINATIONS,5
X8-9212,30/07/2016,VACCINATIONS,5
Q0-2001,30/07/2016,VACCINATIONS,5
U0-5987,30/07/2016,VACCINATIONS,5
N6-7350,30/07/2016,VACCINATIONS,5
U4-5113,30/07/2016,GROOMING,1
L8-0046,31/07/2016,VACCINATIONS,5
J8-7429,31/07/2016,VACCINATIONS,3
U2-4205,31/07/2016,ORTHOPEDIC,9
X8-9212,31/07/2016,GROOMING,3
V7-6771,1/8/2016,VACCINATIONS,5
V7-6771,1/8/2016,VACCINATIONS,5
P2-7342,1/8/2016,VACCINATIONS,5
U2-7207,1/8/2016,VACCINATIONS,5
N0-9539,1/8/2016,VACCINATIONS,5
V7-6771,1/8/2016,VACCINATIONS,5
M2-1131,1/8/2016,VACCINATIONS,5
V4-6172,1/8/2016,ORTHOPEDIC,7
O6-3123,1/8/2016,GROOMING,1
J1-6366,1/8/2016,GROOMING,1
L8-9022,1/8/2016,GENERAL SURGERIES,3
Q8-0954,1/8/2016,GENERAL SURGERIES,3
W8-5750,2/8/2016,VACCINATIONS,2
M2-1131,2/8/2016,VACCINATIONS,5
N7-6805,2/8/2016,VACCINATIONS,5
U8-6473,2/8/2016,VACCINATIONS,5
S4-1063,2/8/2016,VACCINATIONS,5
O3-1895,2/8/2016,VACCINATIONS,5
Z6-3226,2/8/2016,VACCINATIONS,5
M2-1131,2/8/2016,ORTHOPEDIC,1
S4-2254,2/8/2016,OFFICE FEES,2
J6-8562,2/8/2016,GROOMING,1
P0-1725,2/8/2016,GENERAL SURGERIES,3
O6-3123,3/8/2016,VACCINATIONS,5
O1-7229,3/8/2016,VACCINATIONS,5
Q2-3642,3/8/2016,VACCINATIONS,5
W9-8307,3/8/2016,VACCINATIONS,5
I5-4893,3/8/2016,VACCINATIONS,5
H8-1429,3/8/2016,VACCINATIONS,5
J0-7893,3/8/2016,GROOMING,3
Q8-3145,3/8/2016,ORTHOPEDIC,8
Q8-3145,3/8/2016,GROOMING,3
N7-6805,4/8/2016,VACCINATIONS,5
X8-9212,4/8/2016,VACCINATIONS,5
U4-9376,4/8/2016,GROOMING,3
W9-8307,5/8/2016,VACCINATIONS,5
Z4-4045,6/8/2016,VACCINATIONS,5
G6-6501,6/8/2016,VACCINATIONS,5
J6-8562,6/8/2016,VACCINATIONS,5
U2-7207,6/8/2016,VACCINATIONS,5
J2-3320,6/8/2016,VACCINATIONS,5
M2-1131,6/8/2016,GENERAL SURGERIES,13
X7-2632,7/8/2016,GROOMING,3
S4-2254,8/8/2016,ORTHOPEDIC,7
N0-9539,8/8/2016,VACCINATIONS,5
P1-2578,8/8/2016,VACCINATIONS,5
N8-0553,9/8/2016,ORTHOPEDIC,6
N8-0553,9/8/2016,VACCINATIONS,5
T0-3277,9/8/2016,VACCINATIONS,5
S4-2254,9/8/2016,GENERAL SURGERIES,14
I7-9550,9/8/2016,GROOMING,3
Q8-3145,9/8/2016,GENERAL SURGERIES,3
U2-4205,10/8/2016,VACCINATIONS,4
Z6-3226,10/8/2016,VACCINATIONS,5
N8-0553,10/8/2016,VACCINATIONS,5
O1-7229,10/8/2016,VACCINATIONS,5
O3-1895,10/8/2016,VACCINATIONS,5
M2-1131,10/8/2016,VACCINATIONS,5
M0-2904,10/8/2016,VACCINATIONS,5
Q0-3593,10/8/2016,VACCINATIONS,5
Z6-3226,10/8/2016,GENERAL SURGERIES,4
W9-8307,10/8/2016,ORTHOPEDIC,6
J6-8562,10/8/2016,GROOMING,2
O3-1895,10/8/2016,GENERAL SURGERIES,8
W7-6372,10/8/2016,GROOMING,3
M2-1131,10/8/2016,GROOMING,1
F6-5391,11/8/2016,GENERAL SURGERIES,1
W8-5750,12/8/2016,VACCINATIONS,5
L4-4205,12/8/2016,VACCINATIONS,5
L4-4205,12/8/2016,GROOMING,1
G4-8096,12/8/2016,GROOMING,1
G9-0817,13/08/2016,VACCINATIONS,5
Q9-1565,13/08/2016,VACCINATIONS,5
J0-7893,13/08/2016,VACCINATIONS,5
Q8-8753,13/08/2016,VACCINATIONS,5
J0-7893,13/08/2016,GROOMING,3
L4-4205,13/08/2016,GROOMING,1
V5-2342,14/08/2016,GENERAL SURGERIES,14
Z8-4419,14/08/2016,VACCINATIONS,5
N6-7350,14/08/2016,VACCINATIONS,5
Q5-5872,14/08/2016,VACCINATIONS,5
L4-9973,14/08/2016,VACCINATIONS,5
G6-6501,14/08/2016,VACCINATIONS,5
G9-0817,14/08/2016,VACCINATIONS,5
I2-7926,14/08/2016,VACCINATIONS,5
W9-8307,14/08/2016,GENERAL SURGERIES,18
Q0-8904,14/08/2016,ORTHOPEDIC,2
T0-3277,14/08/2016,GROOMING,3
U6-4890,14/08/2016,ORTHOPEDIC,5
M0-2904,14/08/2016,OFFICE FEES,3
T0-5705,14/08/2016,GROOMING,3
Z4-5652,14/08/2016,GROOMING,1
L4-9973,14/08/2016,GROOMING,1
V5-2342,15/08/2016,GROOMING,1
G9-0817,15/08/2016,GROOMING,1
F1-1855,16/08/2016,VACCINATIONS,5
S4-4013,16/08/2016,VACCINATIONS,5
U2-7207,16/08/2016,VACCINATIONS,5
N7-6805,17/08/2016,VACCINATIONS,5
S4-9578,17/08/2016,VACCINATIONS,5
J6-8562,17/08/2016,VACCINATIONS,5
O5-2472,17/08/2016,VACCINATIONS,5
I2-7926,17/08/2016,VACCINATIONS,5
O8-2501,17/08/2016,GENERAL SURGERIES,18
S4-0789,17/08/2016,VACCINATIONS,3
P9-6519,17/08/2016,ORTHOPEDIC,2
L2-1834,17/08/2016,GROOMING,3
M4-9675,17/08/2016,GROOMING,1
M4-9675,18/08/2016,VACCINATIONS,5
R7-4835,19/08/2016,GROOMING,1
Q8-3145,19/08/2016,GROOMING,1
J0-7893,19/08/2016,GROOMING,1
L0-6660,20/08/2016,VACCINATIONS,5
X8-8611,20/08/2016,VACCINATIONS,5
L0-6660,20/08/2016,VACCINATIONS,5
W9-8307,20/08/2016,VACCINATIONS,5
J2-3320,20/08/2016,VACCINATIONS,5
G9-0817,20/08/2016,GENERAL SURGERIES,7
N0-9539,20/08/2016,GENERAL SURGERIES,13
P9-6519,20/08/2016,GENERAL SURGERIES,12
Q0-3593,20/08/2016,GROOMING,1
H2-8586,20/08/2016,GROOMING,1
S1-2243,20/08/2016,GROOMING,1
L8-9022,21/08/2016,GROOMING,2
R3-7551,21/08/2016,VACCINATIONS,6
N7-6805,21/08/2016,VACCINATIONS,5
Q0-8904,21/08/2016,VACCINATIONS,5
S5-5938,21/08/2016,VACCINATIONS,5
M2-1131,21/08/2016,VACCINATIONS,5
Z4-5652,21/08/2016,VACCINATIONS,5
Q8-3145,21/08/2016,VACCINATIONS,5
V7-6771,21/08/2016,VACCINATIONS,5
Q0-8904,21/08/2016,VACCINATIONS,5
W8-5750,21/08/2016,VACCINATIONS,5
U2-4205,21/08/2016,VACCINATIONS,5
U2-7207,21/08/2016,VACCINATIONS,5
X0-8765,21/08/2016,VACCINATIONS,5
V5-2342,21/08/2016,OFFICE FEES,1
J8-7429,21/08/2016,GENERAL SURGERIES,1
U6-4890,21/08/2016,GENERAL SURGERIES,8
I6-9459,21/08/2016,GROOMING,1
P0-1725,21/08/2016,GROOMING,1
X7-2632,21/08/2016,GROOMING,1
I2-7926,21/08/2016,GROOMING,1
M4-9675,22/08/2016,VACCINATIONS,5
X6-4876,22/08/2016,VACCINATIONS,5
K0-8177,22/08/2016,VACCINATIONS,5
S4-2254,22/08/2016,VACCINATIONS,5
J8-7429,23/08/2016,VACCINATIONS,5
G4-8096,23/08/2016,VACCINATIONS,5
I5-4893,23/08/2016,VACCINATIONS,5
L0-6660,23/08/2016,VACCINATIONS,5
Q9-1565,23/08/2016,VACCINATIONS,5
L4-6292,23/08/2016,VACCINATIONS,5
T2-2142,23/08/2016,VACCINATIONS,5
X0-8765,23/08/2016,VACCINATIONS,5
U4-5113,23/08/2016,VACCINATIONS,5
Q9-1565,23/08/2016,GENERAL SURGERIES,10
U8-6473,23/08/2016,GENERAL SURGERIES,10
L8-9022,23/08/2016,GROOMING,1
R7-4835,23/08/2016,GENERAL SURGERIES,3
H2-8586,23/08/2016,GENERAL SURGERIES,3
O8-0027,24/08/2016,ORTHOPEDIC,8
I6-9459,24/08/2016,VACCINATIONS,1
V5-2342,24/08/2016,VACCINATIONS,5
T0-5705,24/08/2016,VACCINATIONS,5
Q8-3145,24/08/2016,VACCINATIONS,5
Q2-3642,24/08/2016,VACCINATIONS,5
P7-2443,24/08/2016,VACCINATIONS,5
P7-2443,24/08/2016,VACCINATIONS,5
S1-2243,24/08/2016,VACCINATIONS,5
G0-8531,24/08/2016,VACCINATIONS,5
M2-1131,24/08/2016,VACCINATIONS,5
N6-7350,24/08/2016,VACCINATIONS,5
S5-5938,24/08/2016,GENERAL SURGERIES,18
Q9-1565,24/08/2016,ORTHOPEDIC,4
U4-5113,24/08/2016,GROOMING,3
O1-7229,25/08/2016,VACCINATIONS,5
L4-6292,26/08/2016,VACCINATIONS,5
L0-6660,26/08/2016,VACCINATIONS,5
K4-5012,26/08/2016,VACCINATIONS,1
S4-9578,26/08/2016,GROOMING,3
V4-6172,26/08/2016,GROOMING,1
R3-7551,27/08/2016,VACCINATIONS,5
H2-8586,27/08/2016,VACCINATIONS,6
U2-4205,28/08/2016,VACCINATIONS,5
T0-3277,29/08/2016,VACCINATIONS,5
O5-2472,29/08/2016,VACCINATIONS,5
X6-4876,29/08/2016,VACCINATIONS,5
P9-3625,29/08/2016,VACCINATIONS,5
K0-8177,29/08/2016,GROOMING,1
T2-2142,30/08/2016,VACCINATIONS,5
O3-1895,30/08/2016,VACCINATIONS,6
I2-7926,30/08/2016,VACCINATIONS,5
P7-2443,30/08/2016,VACCINATIONS,5
H8-1429,30/08/2016,VACCINATIONS,5
L4-9973,30/08/2016,VACCINATIONS,5
S4-9578,30/08/2016,VACCINATIONS,5
L4-4205,30/08/2016,VACCINATIONS,5
V2-4634,30/08/2016,VACCINATIONS,5
G0-7675,30/08/2016,VACCINATIONS,1
I7-9550,30/08/2016,GENERAL SURGERIES,18
L4-4205,30/08/2016,GROOMING,3
I2-7926,30/08/2016,GROOMING,3
P0-1725,30/08/2016,GROOMING,3
H8-1429,30/08/2016,GROOMING,1
S4-1063,30/08/2016,GROOMING,1
O1-7229,30/08/2016,GENERAL SURGERIES,3
L4-6292,30/08/2016,GENERAL SURGERIES,3
S5-5938,31/08/2016,VACCINATIONS,5
S4-0789,1/9/2016,VACCINATIONS,6
G0-8531,2/9/2016,VACCINATIONS,5
U4-9376,3/9/2016,VACCINATIONS,4
Q8-8753,3/9/2016,VACCINATIONS,5
T8-1754,3/9/2016,VACCINATIONS,5
J0-7893,3/9/2016,GROOMING,1
X0-8765,4/9/2016,VACCINATIONS,5
L4-4030,4/9/2016,VACCINATIONS,5
J6-8562,5/9/2016,GENERAL SURGERIES,3
T0-3277,6/9/2016,VACCINATIONS,5
G0-8531,6/9/2016,VACCINATIONS,5
P1-2578,6/9/2016,VACCINATIONS,5
L4-2594,6/9/2016,VACCINATIONS,5
T0-3277,6/9/2016,GROOMING,3
F6-5391,6/9/2016,GROOMING,1
L8-9022,7/9/2016,GENERAL SURGERIES,3
Q9-1565,8/9/2016,VACCINATIONS,5
I6-9459,8/9/2016,VACCINATIONS,5
Q8-3145,8/9/2016,VACCINATIONS,5
I2-7926,8/9/2016,VACCINATIONS,5
U2-7207,8/9/2016,VACCINATIONS,5
W7-6372,8/9/2016,VACCINATIONS,5
L0-6660,8/9/2016,VACCINATIONS,5
Z8-4419,8/9/2016,GROOMING,1
J2-4382,9/9/2016,VACCINATIONS,5
T8-1754,9/9/2016,VACCINATIONS,5
I5-4893,9/9/2016,VACCINATIONS,5
P0-1725,9/9/2016,VACCINATIONS,5
V5-2342,9/9/2016,VACCINATIONS,5
W8-5750,9/9/2016,VACCINATIONS,5
L2-1834,9/9/2016,GROOMING,2
O8-0027,9/9/2016,GROOMING,3
X0-8765,9/9/2016,GROOMING,3
Q9-1565,9/9/2016,GROOMING,3
O3-1895,9/9/2016,GENERAL SURGERIES,3
J1-6366,10/9/2016,VACCINATIONS,5
U0-5987,10/9/2016,VACCINATIONS,5
O6-3123,10/9/2016,VACCINATIONS,5
J8-7429,10/9/2016,VACCINATIONS,5
L4-2594,10/9/2016,GROOMING,1
L8-9022,10/9/2016,ORTHOPEDIC,4
V7-6771,10/9/2016,GROOMING,1
X8-8611,11/9/2016,VACCINATIONS,5
Z8-4419,11/9/2016,VACCINATIONS,5
L4-4030,11/9/2016,VACCINATIONS,5
M8-7852,11/9/2016,VACCINATIONS,5
Q8-8753,11/9/2016,VACCINATIONS,5
N8-0553,11/9/2016,VACCINATIONS,5
Q9-1565,11/9/2016,VACCINATIONS,5
G0-8531,11/9/2016,VACCINATIONS,5
L2-1834,11/9/2016,GENERAL SURGERIES,13
G0-7675,12/9/2016,VACCINATIONS,5
G6-6501,12/9/2016,GROOMING,3
N7-6805,12/9/2016,GROOMING,3
M8-7852,13/09/2016,VACCINATIONS,4
F6-5391,13/09/2016,VACCINATIONS,5
L8-0046,13/09/2016,VACCINATIONS,5
L4-4030,13/09/2016,VACCINATIONS,5
G4-8096,13/09/2016,VACCINATIONS,5
X8-8611,13/09/2016,GROOMING,3
J6-8562,14/09/2016,VACCINATIONS,5
V5-2342,14/09/2016,GROOMING,1
P9-3625,14/09/2016,GROOMING,1
H8-8856,15/09/2016,VACCINATIONS,5
Q9-1565,16/09/2016,VACCINATIONS,5
L4-6292,17/09/2016,VACCINATIONS,5
G4-8096,17/09/2016,VACCINATIONS,5
Z6-3226,17/09/2016,VACCINATIONS,5
Z6-3226,17/09/2016,VACCINATIONS,5
K0-8177,17/09/2016,VACCINATIONS,5
J1-6366,17/09/2016,VACCINATIONS,5
G4-8096,17/09/2016,VACCINATIONS,5
Z6-3226,17/09/2016,VACCINATIONS,5
N0-9539,17/09/2016,VACCINATIONS,4
Q8-0954,17/09/2016,GENERAL SURGERIES,1
G9-0817,17/09/2016,GROOMING,3
S4-2254,17/09/2016,GENERAL SURGERIES,3
N7-6805,18/09/2016,VACCINATIONS,5
X8-8611,18/09/2016,VACCINATIONS,5
U4-9376,18/09/2016,ORTHOPEDIC,3
G9-0817,18/09/2016,GENERAL SURGERIES,3
U8-6473,18/09/2016,GROOMING,3
W9-8307,19/09/2016,GENERAL SURGERIES,1
L8-0046,19/09/2016,VACCINATIONS,5
V2-4634,19/09/2016,VACCINATIONS,5
Q0-8904,19/09/2016,VACCINATIONS,5
M0-2904,19/09/2016,VACCINATIONS,5
P7-2443,19/09/2016,VACCINATIONS,5
X8-8611,19/09/2016,VACCINATIONS,5
Q8-0954,19/09/2016,VACCINATIONS,5
X0-8765,19/09/2016,VACCINATIONS,5
U2-4205,19/09/2016,VACCINATIONS,5
R4-6131,19/09/2016,VACCINATIONS,5
I2-7926,19/09/2016,VACCINATIONS,5
V4-6172,19/09/2016,VACCINATIONS,5
S4-2254,19/09/2016,VACCINATIONS,5
U0-5987,19/09/2016,VACCINATIONS,5
O6-3123,19/09/2016,VACCINATIONS,5
X6-4876,19/09/2016,ORTHOPEDIC,5
U2-7207,19/09/2016,GENERAL SURGERIES,11
G6-6501,19/09/2016,GROOMING,3
O8-0027,19/09/2016,GROOMING,3
O8-0027,19/09/2016,GROOMING,3
Q9-1565,19/09/2016,GROOMING,3
S4-0789,19/09/2016,GROOMING,3
G9-0817,19/09/2016,GROOMING,1
N0-9539,19/09/2016,GENERAL SURGERIES,3
H2-8586,20/09/2016,VACCINATIONS,5
V7-6771,20/09/2016,VACCINATIONS,5
W8-5750,20/09/2016,GENERAL SURGERIES,11
Q0-8904,20/09/2016,GROOMING,1
P0-1725,21/09/2016,HOSPITALIZATION,1
M8-7852,22/09/2016,GROOMING,2
W7-6372,22/09/2016,HOSPITALIZATION,1
S4-1063,22/09/2016,VACCINATIONS,5
J8-7429,22/09/2016,VACCINATIONS,5
H2-8586,22/09/2016,VACCINATIONS,5
Q0-3593,22/09/2016,VACCINATIONS,5
U4-6674,22/09/2016,VACCINATIONS,5
F6-5391,23/09/2016,ORTHOPEDIC,3
Q0-8904,23/09/2016,VACCINATIONS,5
P2-7342,23/09/2016,GENERAL SURGERIES,7
X8-8611,24/09/2016,VACCINATIONS,5
U4-9376,24/09/2016,VACCINATIONS,5
F6-5391,24/09/2016,VACCINATIONS,5
M8-7852,24/09/2016,OFFICE FEES,2
R4-6131,24/09/2016,GENERAL SURGERIES,3
Z4-5652,25/09/2016,GENERAL SURGERIES,13
Q8-3145,25/09/2016,VACCINATIONS,5
X6-4876,25/09/2016,VACCINATIONS,5
Q5-5872,25/09/2016,VACCINATIONS,5
L4-2594,25/09/2016,VACCINATIONS,5
T0-5705,25/09/2016,VACCINATIONS,5
J0-7893,25/09/2016,VACCINATIONS,5
L4-9973,25/09/2016,VACCINATIONS,5
T0-5705,25/09/2016,GENERAL SURGERIES,12
U2-4205,25/09/2016,GROOMING,2
W8-5750,25/09/2016,GROOMING,3
T0-3277,25/09/2016,GROOMING,3
R4-6131,26/09/2016,VACCINATIONS,1
L8-9022,26/09/2016,VACCINATIONS,5
J1-6366,26/09/2016,VACCINATIONS,5
N0-9539,26/09/2016,VACCINATIONS,5
O8-2501,26/09/2016,VACCINATIONS,5
Z6-3226,26/09/2016,VACCINATIONS,5
S1-2243,26/09/2016,VACCINATIONS,5
Q9-1565,26/09/2016,OFFICE FEES,1
W7-6372,26/09/2016,ORTHOPEDIC,6
Z4-5652,26/09/2016,ORTHOPEDIC,9
F2-3235,26/09/2016,GENERAL SURGERIES,19
V2-4634,26/09/2016,ORTHOPEDIC,1
T0-3277,26/09/2016,HOSPITALIZATION,1
S4-4013,26/09/2016,GENERAL SURGERIES,19
Q0-3593,27/09/2016,VACCINATIONS,5
G9-0817,27/09/2016,VACCINATIONS,5
Z6-3226,28/09/2016,VACCINATIONS,5
Q8-3145,28/09/2016,GENERAL SURGERIES,3
L0-6660,29/09/2016,GENERAL SURGERIES,14
G0-7675,29/09/2016,ORTHOPEDIC,9
Q8-3145,30/09/2016,VACCINATIONS,5
O8-2501,30/09/2016,VACCINATIONS,5
M2-1131,30/09/2016,GENERAL SURGERIES,16
J0-7893,30/09/2016,GROOMING,3
U0-5987,30/09/2016,ORTHOPEDIC,1
Q8-3145,30/09/2016,GROOMING,1
S1-2243,1/10/2016,VACCINATIONS,5
Q8-3145,1/10/2016,ORTHOPEDIC,4
G0-8531,1/10/2016,GROOMING,1
X0-8765,2/10/2016,ORTHOPEDIC,9
K4-5012,2/10/2016,GENERAL SURGERIES,8
R3-7551,2/10/2016,VACCINATIONS,5
U0-5987,2/10/2016,VACCINATIONS,5
U4-6674,2/10/2016,VACCINATIONS,5
G4-8096,2/10/2016,GENERAL SURGERIES,15
L4-9973,2/10/2016,GENERAL SURGERIES,16
U2-4205,2/10/2016,GROOMING,1
N8-0553,2/10/2016,GROOMING,1
I6-9459,3/10/2016,VACCINATIONS,5
J2-3320,3/10/2016,VACCINATIONS,5
S1-2243,3/10/2016,VACCINATIONS,5
W8-5750,3/10/2016,VACCINATIONS,5
X7-2632,3/10/2016,VACCINATIONS,5
I7-9550,3/10/2016,GENERAL SURGERIES,8
I7-9550,3/10/2016,GENERAL SURGERIES,3
N0-9539,4/10/2016,VACCINATIONS,5
F6-5391,5/10/2016,VACCINATIONS,5
I5-4893,5/10/2016,VACCINATIONS,5
N8-0553,5/10/2016,VACCINATIONS,5
H2-8586,5/10/2016,VACCINATIONS,5
J2-4382,6/10/2016,VACCINATIONS,5
N7-6805,6/10/2016,VACCINATIONS,5
I6-9459,6/10/2016,VACCINATIONS,5
S4-1063,6/10/2016,ORTHOPEDIC,7
V5-2342,6/10/2016,ORTHOPEDIC,9
Z4-4045,6/10/2016,GROOMING,3
W8-5750,6/10/2016,GROOMING,3
L4-2594,6/10/2016,GROOMING,1
P7-2443,6/10/2016,GROOMING,1
T0-3277,7/10/2016,VACCINATIONS,5
L4-4030,7/10/2016,GROOMING,1
Q5-5872,8/10/2016,VACCINATIONS,6
N6-7350,8/10/2016,VACCINATIONS,5
M0-2904,8/10/2016,VACCINATIONS,5
I7-9550,8/10/2016,VACCINATIONS,5
M2-1131,8/10/2016,GROOMING,1
N7-6805,9/10/2016,GENERAL SURGERIES,19
M4-9675,10/10/2016,GENERAL SURGERIES,19
U0-5987,10/10/2016,VACCINATIONS,5
T2-2142,10/10/2016,VACCINATIONS,5
S4-4013,10/10/2016,VACCINATIONS,5
M8-7852,10/10/2016,VACCINATIONS,5
P9-6519,10/10/2016,OFFICE FEES,3
K4-5012,10/10/2016,GROOMING,1
Q5-5872,11/10/2016,VACCINATIONS,5
R4-6131,11/10/2016,VACCINATIONS,5
Q9-1565,12/10/2016,VACCINATIONS,5
X8-9212,13/10/2016,VACCINATIONS,5
O8-0027,13/10/2016,VACCINATIONS,5
O8-0027,13/10/2016,VACCINATIONS,5
P7-2443,13/10/2016,VACCINATIONS,5
V5-2342,13/10/2016,VACCINATIONS,5
Q0-2001,13/10/2016,VACCINATIONS,5
Q0-8904,13/10/2016,VACCINATIONS,5
Q0-3593,13/10/2016,VACCINATIONS,4
L4-2594,13/10/2016,GROOMING,3
O5-2472,13/10/2016,GROOMING,1
I7-9550,13/10/2016,GROOMING,1
Z4-4045,13/10/2016,GROOMING,1
Z8-4419,13/10/2016,GENERAL SURGERIES,3
N8-0553,14/10/2016,VACCINATIONS,5
L8-9022,14/10/2016,VACCINATIONS,5
I2-7926,14/10/2016,VACCINATIONS,5
Q8-3145,14/10/2016,VACCINATIONS,5
G6-6501,14/10/2016,GENERAL SURGERIES,16
Z4-5652,14/10/2016,GENERAL SURGERIES,12
J0-7893,15/10/2016,VACCINATIONS,5
I6-9459,15/10/2016,GENERAL SURGERIES,5
U4-5113,15/10/2016,GROOMING,1
M8-7852,16/10/2016,VACCINATIONS,5
P9-3625,17/10/2016,OFFICE FEES,2
I6-9459,17/10/2016,VACCINATIONS,5
N8-0553,17/10/2016,VACCINATIONS,5
T0-3277,17/10/2016,VACCINATIONS,5
N7-6805,17/10/2016,VACCINATIONS,5
R7-4835,17/10/2016,VACCINATIONS,5
J2-3320,17/10/2016,VACCINATIONS,5
R7-4835,17/10/2016,ORTHOPEDIC,4
Q8-8753,17/10/2016,GROOMING,3
I7-9550,18/10/2016,GROOMING,3
Q0-2001,19/10/2016,VACCINATIONS,5
V2-4634,19/10/2016,VACCINATIONS,5
M0-2904,19/10/2016,VACCINATIONS,5
J2-3320,19/10/2016,VACCINATIONS,5
Q4-9479,19/10/2016,VACCINATIONS,5
P9-6519,19/10/2016,VACCINATIONS,5
P7-2443,19/10/2016,VACCINATIONS,5
V4-6172,19/10/2016,VACCINATIONS,5
Q0-2001,19/10/2016,VACCINATIONS,5
F6-5391,19/10/2016,VACCINATIONS,5
Q8-0954,19/10/2016,VACCINATIONS,5
W7-6372,19/10/2016,VACCINATIONS,5
Q8-8753,20/10/2016,VACCINATIONS,5
Q8-0954,20/10/2016,VACCINATIONS,5
T8-1754,20/10/2016,VACCINATIONS,5
Z8-4419,21/10/2016,VACCINATIONS,5
T0-5705,21/10/2016,VACCINATIONS,5
N7-6805,21/10/2016,VACCINATIONS,5
J1-6366,21/10/2016,VACCINATIONS,5
T0-5705,21/10/2016,GENERAL SURGERIES,2
Z6-3226,21/10/2016,GROOMING,3
Z4-5652,22/10/2016,GENERAL SURGERIES,3
T2-2142,22/10/2016,GENERAL SURGERIES,17
I7-9550,22/10/2016,VACCINATIONS,5
F1-1855,22/10/2016,VACCINATIONS,5
I2-7926,22/10/2016,VACCINATIONS,5
U8-6473,22/10/2016,VACCINATIONS,5
S4-1063,22/10/2016,VACCINATIONS,5
Q4-9479,22/10/2016,GENERAL SURGERIES,7
O8-2501,22/10/2016,GROOMING,3
G0-7675,22/10/2016,GROOMING,1
O1-7229,22/10/2016,GENERAL SURGERIES,3
G9-0817,23/10/2016,OFFICE FEES,1
S4-1063,23/10/2016,VACCINATIONS,5
F2-3235,23/10/2016,GENERAL SURGERIES,8
W7-6372,23/10/2016,GROOMING,3
M2-1131,24/10/2016,VACCINATIONS,5
S4-9578,24/10/2016,GROOMING,1
L4-2594,25/10/2016,ORTHOPEDIC,1
X7-2632,25/10/2016,VACCINATIONS,5
S5-5938,25/10/2016,VACCINATIONS,5
Q2-3642,25/10/2016,VACCINATIONS,5
I6-9459,25/10/2016,VACCINATIONS,5
R3-7551,25/10/2016,VACCINATIONS,5
U4-5113,25/10/2016,VACCINATIONS,5
Q4-9479,25/10/2016,VACCINATIONS,5
L4-9973,25/10/2016,VACCINATIONS,5
L4-4205,25/10/2016,GROOMING,3
P9-6519,25/10/2016,GROOMING,1
U0-5987,26/10/2016,GROOMING,3
X8-8611,27/10/2016,VACCINATIONS,5
S4-0789,27/10/2016,VACCINATIONS,5
T0-3277,27/10/2016,GROOMING,3
L8-9022,28/10/2016,VACCINATIONS,5
I2-7926,29/10/2016,VACCINATIONS,5
I6-9459,29/10/2016,VACCINATIONS,5
S4-4013,29/10/2016,VACCINATIONS,5
V5-2342,29/10/2016,VACCINATIONS,5
H8-1429,29/10/2016,VACCINATIONS,5
R3-7551,29/10/2016,VACCINATIONS,5
N0-9539,29/10/2016,VACCINATIONS,5
V2-4634,29/10/2016,VACCINATIONS,5
U2-4205,29/10/2016,VACCINATIONS,5
M8-7852,30/10/2016,VACCINATIONS,5
P7-2443,30/10/2016,VACCINATIONS,5
U8-6473,30/10/2016,GROOMING,1
L2-1834,31/10/2016,VACCINATIONS,5
V4-6172,31/10/2016,VACCINATIONS,5
U4-5113,1/11/2016,VACCINATIONS,1
J8-7429,2/11/2016,GENERAL SURGERIES,8
H8-1429,2/11/2016,VACCINATIONS,5
U4-6674,2/11/2016,VACCINATIONS,5
J6-8562,2/11/2016,VACCINATIONS,5
U8-6473,2/11/2016,VACCINATIONS,5
H8-8856,2/11/2016,VACCINATIONS,5
U4-9376,2/11/2016,VACCINATIONS,5
U6-4890,2/11/2016,VACCINATIONS,5
U4-5113,2/11/2016,VACCINATIONS,5
Q0-2001,2/11/2016,VACCINATIONS,5
J2-4382,2/11/2016,VACCINATIONS,5
N8-0553,2/11/2016,GENERAL SURGERIES,14
Q8-3145,2/11/2016,GENERAL SURGERIES,6
G0-8531,2/11/2016,GENERAL SURGERIES,12
Z4-5652,2/11/2016,GROOMING,3
G9-0817,2/11/2016,GROOMING,3
H2-8586,2/11/2016,GROOMING,3
U2-7207,2/11/2016,GROOMING,1
L2-1834,2/11/2016,GROOMING,1
L8-0046,2/11/2016,GENERAL SURGERIES,3
L0-6660,3/11/2016,VACCINATIONS,5
G0-7675,3/11/2016,VACCINATIONS,5
Z4-5652,3/11/2016,OFFICE FEES,3
L4-4205,4/11/2016,VACCINATIONS,5
O3-1895,4/11/2016,VACCINATIONS,5
S1-2243,4/11/2016,VACCINATIONS,5
L4-4030,4/11/2016,VACCINATIONS,6
L8-9022,4/11/2016,ORTHOPEDIC,4
Q0-3593,4/11/2016,OFFICE FEES,3
S4-0789,4/11/2016,GROOMING,3
L0-6660,5/11/2016,VACCINATIONS,3
Q8-8753,5/11/2016,VACCINATIONS,5
J2-4382,5/11/2016,GROOMING,1
V2-4634,6/11/2016,VACCINATIONS,5
Q0-8904,6/11/2016,VACCINATIONS,5
J2-3320,6/11/2016,VACCINATIONS,5
I5-4893,6/11/2016,VACCINATIONS,5
Q4-9479,6/11/2016,VACCINATIONS,5
X8-8611,6/11/2016,VACCINATIONS,5
N8-0553,6/11/2016,VACCINATIONS,5
V2-4634,6/11/2016,VACCINATIONS,5
M2-1131,6/11/2016,VACCINATIONS,5
X8-9212,6/11/2016,VACCINATIONS,5
N0-9539,6/11/2016,VACCINATIONS,5
O6-3123,6/11/2016,GENERAL SURGERIES,7
V4-6172,6/11/2016,GENERAL SURGERIES,10
S4-1063,6/11/2016,GROOMING,3
Q0-2001,6/11/2016,GROOMING,1
T0-3277,6/11/2016,GENERAL SURGERIES,3
Z6-3226,6/11/2016,GENERAL SURGERIES,3
S4-0789,7/11/2016,VACCINATIONS,5
S4-1063,7/11/2016,VACCINATIONS,5
Z4-5652,7/11/2016,VACCINATIONS,5
P0-1725,7/11/2016,GROOMING,1
Q4-9479,7/11/2016,VACCINATIONS,3
J1-6366,7/11/2016,GROOMING,3
O6-3123,8/11/2016,VACCINATIONS,5
L0-6660,8/11/2016,VACCINATIONS,5
X6-4876,8/11/2016,VACCINATIONS,5
Q0-2001,8/11/2016,VACCINATIONS,5
W8-5750,8/11/2016,VACCINATIONS,5
Q0-8904,8/11/2016,VACCINATIONS,2
X6-4876,8/11/2016,VACCINATIONS,5
H8-1429,8/11/2016,GROOMING,1
I7-9550,8/11/2016,GENERAL SURGERIES,3
U2-4205,9/11/2016,VACCINATIONS,5
O5-2472,9/11/2016,VACCINATIONS,5
J2-3320,10/11/2016,VACCINATIONS,5
U4-9376,11/11/2016,GENERAL SURGERIES,3
F6-5391,12/11/2016,VACCINATIONS,5
F1-1855,12/11/2016,GROOMING,2
I7-9550,12/11/2016,GROOMING,1
T0-5705,13/11/2016,GROOMING,1
S4-1063,14/11/2016,GENERAL SURGERIES,2
L4-4205,14/11/2016,GENERAL SURGERIES,5
Q0-8904,14/11/2016,VACCINATIONS,2
Q4-9479,14/11/2016,VACCINATIONS,5
Z4-4045,15/11/2016,VACCINATIONS,5
U4-6674,15/11/2016,VACCINATIONS,5
T2-2142,15/11/2016,GROOMING,1
X7-2632,15/11/2016,GROOMING,1
T0-5705,16/11/2016,VACCINATIONS,5
U2-4205,16/11/2016,VACCINATIONS,5
G9-0817,16/11/2016,VACCINATIONS,5
T2-2142,16/11/2016,VACCINATIONS,5
J6-8562,16/11/2016,VACCINATIONS,5
P9-6519,16/11/2016,VACCINATIONS,5
S4-0789,16/11/2016,GROOMING,1
L4-6292,17/11/2016,VACCINATIONS,5
U2-7207,17/11/2016,GROOMING,1
Z4-5652,18/11/2016,VACCINATIONS,5
R7-4835,18/11/2016,GENERAL SURGERIES,3
L4-4205,19/11/2016,VACCINATIONS,5
N6-7350,19/11/2016,VACCINATIONS,5
X0-8765,19/11/2016,VACCINATIONS,5
X8-9212,19/11/2016,VACCINATIONS,5
J8-7429,19/11/2016,VACCINATIONS,5
J2-4382,19/11/2016,GROOMING,3
P2-7342,19/11/2016,ORTHOPEDIC,7
O3-1895,19/11/2016,GROOMING,3
U4-5113,19/11/2016,GROOMING,3
L4-2594,20/11/2016,VACCINATIONS,5
X7-2632,21/11/2016,VACCINATIONS,5
Z6-3226,21/11/2016,VACCINATIONS,5
M4-9675,21/11/2016,VACCINATIONS,5
W8-5750,21/11/2016,VACCINATIONS,5
X8-8611,21/11/2016,VACCINATIONS,5
J8-7429,21/11/2016,VACCINATIONS,5
S4-1063,21/11/2016,VACCINATIONS,5
O8-0027,21/11/2016,VACCINATIONS,5
J6-8562,21/11/2016,VACCINATIONS,5
H8-8856,21/11/2016,VACCINATIONS,5
W8-5750,21/11/2016,VACCINATIONS,5
J6-8562,21/11/2016,VACCINATIONS,5
P1-2578,21/11/2016,GENERAL SURGERIES,17
Q9-1565,21/11/2016,GROOMING,1
R3-7551,21/11/2016,GENERAL SURGERIES,14
Z6-3226,21/11/2016,GROOMING,3
R7-4835,21/11/2016,GROOMING,1
L4-6292,21/11/2016,GENERAL SURGERIES,3
S4-2254,22/11/2016,ORTHOPEDIC,1
L2-1834,22/11/2016,VACCINATIONS,5
F2-3235,22/11/2016,VACCINATIONS,5
L4-9973,23/11/2016,VACCINATIONS,5
T2-2142,23/11/2016,VACCINATIONS,5
N6-7350,23/11/2016,VACCINATIONS,1
R7-4835,23/11/2016,GENERAL SURGERIES,4
U0-5987,24/11/2016,GROOMING,1
W9-8307,25/11/2016,GROOMING,3
R3-7551,26/11/2016,GENERAL SURGERIES,3
L4-4030,27/11/2016,VACCINATIONS,5
Q9-1565,27/11/2016,VACCINATIONS,5
S1-2243,27/11/2016,GROOMING,3
L4-4030,27/11/2016,GROOMING,3
I6-9459,28/11/2016,VACCINATIONS,5
Q0-3593,28/11/2016,VACCINATIONS,5
U6-4890,28/11/2016,VACCINATIONS,5
M8-7852,29/11/2016,VACCINATIONS,5
L2-1834,29/11/2016,VACCINATIONS,5
L8-9022,29/11/2016,GENERAL SURGERIES,19
N8-0553,29/11/2016,GROOMING,3
L4-4205,30/11/2016,VACCINATIONS,5
P1-2578,1/12/2016,VACCINATIONS,5
T0-5705,1/12/2016,VACCINATIONS,5
T0-5705,1/12/2016,VACCINATIONS,5
U2-7207,1/12/2016,VACCINATIONS,5
S4-0789,1/12/2016,VACCINATIONS,5
G6-6501,1/12/2016,VACCINATIONS,5
L4-9973,1/12/2016,ORTHOPEDIC,5
M4-9675,1/12/2016,GROOMING,3
O3-1895,2/12/2016,VACCINATIONS,5
K0-8177,2/12/2016,VACCINATIONS,5
O8-0027,2/12/2016,VACCINATIONS,5
F1-1855,2/12/2016,VACCINATIONS,5
L4-4205,2/12/2016,VACCINATIONS,5
J0-7893,2/12/2016,VACCINATIONS,5
J8-7429,2/12/2016,VACCINATIONS,5
X8-9212,2/12/2016,VACCINATIONS,5
O6-3123,2/12/2016,VACCINATIONS,5
O8-2501,2/12/2016,VACCINATIONS,5
Q0-3593,2/12/2016,VACCINATIONS,5
F1-1855,2/12/2016,ORTHOPEDIC,2
U4-9376,2/12/2016,ORTHOPEDIC,8
K4-5012,2/12/2016,GROOMING,1
O5-2472,2/12/2016,GROOMING,1
U0-5987,2/12/2016,GENERAL SURGERIES,3
T8-1754,3/12/2016,VACCINATIONS,5
U4-9376,3/12/2016,VACCINATIONS,5
Q2-3642,3/12/2016,VACCINATIONS,5
H8-1429,3/12/2016,VACCINATIONS,5
G0-8531,3/12/2016,VACCINATIONS,5
O8-0027,4/12/2016,GENERAL SURGERIES,17
R3-7551,4/12/2016,VACCINATIONS,5
Q8-8753,4/12/2016,VACCINATIONS,5
T8-1754,4/12/2016,VACCINATIONS,5
S4-9578,4/12/2016,VACCINATIONS,5
F1-1855,4/12/2016,VACCINATIONS,5
H8-8856,4/12/2016,VACCINATIONS,5
L4-9973,4/12/2016,VACCINATIONS,5
M2-1131,4/12/2016,VACCINATIONS,5
L4-6292,4/12/2016,VACCINATIONS,5
N8-0553,4/12/2016,GROOMING,3
W8-5750,4/12/2016,GROOMING,1
T0-5705,5/12/2016,VACCINATIONS,2
J0-7893,5/12/2016,VACCINATIONS,5
Z8-4419,5/12/2016,VACCINATIONS,5
G9-0817,5/12/2016,VACCINATIONS,5
W8-5750,5/12/2016,VACCINATIONS,5
P9-6519,5/12/2016,VACCINATIONS,5
Q0-2001,5/12/2016,VACCINATIONS,5
Q4-9479,5/12/2016,VACCINATIONS,5
I2-7926,5/12/2016,VACCINATIONS,5
W8-5750,5/12/2016,VACCINATIONS,5
P9-3625,5/12/2016,VACCINATIONS,5
R4-6131,5/12/2016,VACCINATIONS,5
V2-4634,5/12/2016,VACCINATIONS,5
P2-7342,5/12/2016,GROOMING,1
G9-0817,5/12/2016,ORTHOPEDIC,3
P7-2443,5/12/2016,GENERAL SURGERIES,10
S4-1063,5/12/2016,GENERAL SURGERIES,9
L4-4030,5/12/2016,VACCINATIONS,5
P9-6519,5/12/2016,GROOMING,3
F1-1855,5/12/2016,GROOMING,3
L8-0046,5/12/2016,GROOMING,3
G0-8531,5/12/2016,GROOMING,3
L4-2594,5/12/2016,GROOMING,3
X8-8611,5/12/2016,GROOMING,1
U8-6473,5/12/2016,GROOMING,1
Q9-1565,5/12/2016,GENERAL SURGERIES,3
Q2-3642,6/12/2016,VACCINATIONS,5
Z4-5652,7/12/2016,VACCINATIONS,5
J6-8562,7/12/2016,VACCINATIONS,5
P7-2443,7/12/2016,VACCINATIONS,5
S4-4013,7/12/2016,VACCINATIONS,5
Q8-3145,7/12/2016,VACCINATIONS,5
U8-6473,7/12/2016,VACCINATIONS,5
S4-0789,7/12/2016,VACCINATIONS,5
V7-6771,7/12/2016,VACCINATIONS,5
R3-7551,7/12/2016,VACCINATIONS,5
V2-4634,7/12/2016,VACCINATIONS,5
K0-8177,7/12/2016,VACCINATIONS,5
Q4-9479,7/12/2016,GENERAL SURGERIES,3
W7-6372,7/12/2016,GROOMING,3
U2-7207,7/12/2016,GROOMING,3
W9-8307,8/12/2016,VACCINATIONS,5
V2-4634,8/12/2016,VACCINATIONS,5
J2-3320,8/12/2016,VACCINATIONS,5
X6-4876,8/12/2016,VACCINATIONS,5
R3-7551,8/12/2016,VACCINATIONS,5
M0-2904,8/12/2016,VACCINATIONS,5
Z6-3226,8/12/2016,GENERAL SURGERIES,17
U2-7207,8/12/2016,GENERAL SURGERIES,13
R4-6131,8/12/2016,GENERAL SURGERIES,4
H8-1429,8/12/2016,GROOMING,1
V4-6172,9/12/2016,ORTHOPEDIC,2
M0-2904,9/12/2016,VACCINATIONS,5
J2-3320,9/12/2016,VACCINATIONS,5
U8-6473,9/12/2016,VACCINATIONS,5
S1-2243,9/12/2016,VACCINATIONS,5
X6-4876,9/12/2016,GROOMING,1
Z4-5652,9/12/2016,GROOMING,1
Z6-3226,10/12/2016,VACCINATIONS,5
L8-9022,10/12/2016,VACCINATIONS,5
Q0-3593,10/12/2016,VACCINATIONS,5
Q8-3145,10/12/2016,VACCINATIONS,5
J1-6366,10/12/2016,VACCINATIONS,5
N7-6805,10/12/2016,VACCINATIONS,5
L0-6660,10/12/2016,VACCINATIONS,5
Z6-3226,10/12/2016,VACCINATIONS,5
I2-7926,10/12/2016,VACCINATIONS,5
X7-2632,10/12/2016,VACCINATIONS,5
W9-8307,10/12/2016,VACCINATIONS,5
G0-8531,10/12/2016,OFFICE FEES,1
J2-4382,10/12/2016,GENERAL SURGERIES,19
O8-0027,10/12/2016,GENERAL SURGERIES,19
V4-6172,10/12/2016,GENERAL SURGERIES,14
L4-4030,10/12/2016,VACCINATIONS,6
U8-6473,10/12/2016,ORTHOPEDIC,1
Q9-1565,10/12/2016,GROOMING,3
J2-4382,10/12/2016,GROOMING,3
H8-1429,10/12/2016,GROOMING,3
V7-6771,10/12/2016,GROOMING,3
O3-1895,10/12/2016,GROOMING,3
I2-7926,10/12/2016,GROOMING,1
W8-5750,10/12/2016,GROOMING,1
I7-9550,10/12/2016,GROOMING,1
J8-7429,10/12/2016,GROOMING,1
Q0-8904,10/12/2016,GROOMING,1
S4-4013,10/12/2016,GROOMING,1
U2-4205,11/12/2016,GENERAL SURGERIES,1
Q4-9479,11/12/2016,VACCINATIONS,5
I2-7926,11/12/2016,VACCINATIONS,5
O3-1895,11/12/2016,GENERAL SURGERIES,12
L4-9973,12/12/2016,VACCINATIONS,5
X6-4876,13/12/2016,VACCINATIONS,5
L4-9973,14/12/2016,VACCINATIONS,5
V2-4634,14/12/2016,VACCINATIONS,5
S1-2243,14/12/2016,HOSPITALIZATION,1
Z6-3226,14/12/2016,GROOMING,3
L4-4205,15/12/2016,VACCINATIONS,5
L2-1834,15/12/2016,VACCINATIONS,5
O5-2472,15/12/2016,VACCINATIONS,5
T0-3277,15/12/2016,VACCINATIONS,5
Q4-9479,15/12/2016,VACCINATIONS,5
Q2-3642,15/12/2016,GROOMING,3
F6-5391,15/12/2016,GROOMING,1
Q0-8904,15/12/2016,GENERAL SURGERIES,3
P0-1725,16/12/2016,VACCINATIONS,5
X0-8765,16/12/2016,VACCINATIONS,5
G4-8096,16/12/2016,VACCINATIONS,5
S4-4013,16/12/2016,VACCINATIONS,5
K4-5012,16/12/2016,VACCINATIONS,5
Q9-1565,16/12/2016,VACCINATIONS,5
X0-8765,16/12/2016,VACCINATIONS,5
S4-1063,16/12/2016,VACCINATIONS,5
T2-2142,16/12/2016,VACCINATIONS,5
L4-9973,16/12/2016,VACCINATIONS,5
V4-6172,16/12/2016,VACCINATIONS,5
L4-6292,17/12/2016,VACCINATIONS,5
L8-0046,18/12/2016,VACCINATIONS,5
V4-6172,18/12/2016,VACCINATIONS,5
Q0-8904,18/12/2016,VACCINATIONS,5
N7-6805,18/12/2016,VACCINATIONS,5
P0-1725,18/12/2016,VACCINATIONS,5
W7-6372,18/12/2016,VACCINATIONS,5
U6-4890,18/12/2016,VACCINATIONS,5
R4-6131,18/12/2016,GENERAL SURGERIES,15
O1-7229,18/12/2016,GENERAL SURGERIES,9
Q0-3593,19/12/2016,VACCINATIONS,5
G0-7675,19/12/2016,VACCINATIONS,5
O3-1895,19/12/2016,VACCINATIONS,3
T0-5705,20/12/2016,VACCINATIONS,5
I7-9550,20/12/2016,VACCINATIONS,5
Q0-8904,20/12/2016,GROOMING,3
Q8-8753,21/12/2016,VACCINATIONS,5
I7-9550,21/12/2016,VACCINATIONS,5
V5-2342,21/12/2016,VACCINATIONS,5
O6-3123,21/12/2016,VACCINATIONS,5
V5-2342,21/12/2016,VACCINATIONS,5
S1-2243,21/12/2016,VACCINATIONS,5
Q9-1565,21/12/2016,VACCINATIONS,5
H8-8856,21/12/2016,GENERAL SURGERIES,1
G4-8096,21/12/2016,ORTHOPEDIC,5
Q0-2001,21/12/2016,GROOMING,1
G4-8096,22/12/2016,GENERAL SURGERIES,6
X0-8765,22/12/2016,VACCINATIONS,5
X7-2632,22/12/2016,VACCINATIONS,5
M8-7852,22/12/2016,VACCINATIONS,5
W9-8307,22/12/2016,VACCINATIONS,5
Q8-8753,22/12/2016,VACCINATIONS,5
G0-7675,22/12/2016,VACCINATIONS,5
S4-2254,22/12/2016,VACCINATIONS,5
O8-2501,22/12/2016,VACCINATIONS,5
X6-4876,22/12/2016,VACCINATIONS,5
O8-2501,22/12/2016,VACCINATIONS,5
P9-3625,22/12/2016,HOSPITALIZATION,1
J2-4382,22/12/2016,GENERAL SURGERIES,4
N0-9539,22/12/2016,VACCINATIONS,2
Q8-3145,22/12/2016,GENERAL SURGERIES,2
G0-8531,22/12/2016,GROOMING,3
Z8-4419,22/12/2016,GROOMING,1
Z4-4045,22/12/2016,GROOMING,1
W9-8307,23/12/2016,VACCINATIONS,5
I6-9459,23/12/2016,VACCINATIONS,5
S5-5938,23/12/2016,VACCINATIONS,5
O1-7229,23/12/2016,VACCINATIONS,5
S4-1063,23/12/2016,VACCINATIONS,5
W9-8307,23/12/2016,VACCINATIONS,5
U8-6473,24/12/2016,GROOMING,3
Z4-5652,25/12/2016,VACCINATIONS,5
M0-2904,26/12/2016,VACCINATIONS,5
Q5-5872,26/12/2016,VACCINATIONS,5
N7-6805,27/12/2016,GROOMING,1
U6-4890,27/12/2016,VACCINATIONS,5
L4-4030,27/12/2016,VACCINATIONS,5
Q8-8753,27/12/2016,VACCINATIONS,5
L4-9973,27/12/2016,VACCINATIONS,5
M8-7852,27/12/2016,VACCINATIONS,5
G0-8531,27/12/2016,VACCINATIONS,5
L4-4205,27/12/2016,VACCINATIONS,5
O6-3123,27/12/2016,VACCINATIONS,5
P1-2578,27/12/2016,VACCINATIONS,5
F1-1855,27/12/2016,VACCINATIONS,5
I7-9550,27/12/2016,ORTHOPEDIC,3
K0-8177,27/12/2016,GROOMING,3
Q0-3593,28/12/2016,VACCINATIONS,5
P9-6519,28/12/2016,VACCINATIONS,5
S4-0789,28/12/2016,VACCINATIONS,5
Q5-5872,28/12/2016,VACCINATIONS,5
X7-2632,28/12/2016,VACCINATIONS,5
U4-5113,28/12/2016,VACCINATIONS,5
G9-0817,28/12/2016,VACCINATIONS,5
M2-1131,28/12/2016,VACCINATIONS,5
I6-9459,28/12/2016,VACCINATIONS,5
J0-7893,28/12/2016,VACCINATIONS,5
S4-1063,28/12/2016,VACCINATIONS,5
V4-6172,28/12/2016,GENERAL SURGERIES,8
U8-6473,28/12/2016,GROOMING,3
H8-1429,28/12/2016,GROOMING,1
S4-9578,28/12/2016,GROOMING,1
T8-1754,28/12/2016,GROOMING,1
M4-9675,28/12/2016,GROOMING,1
T2-2142,28/12/2016,GROOMING,1
U4-5113,28/12/2016,GROOMING,1
M8-7852,28/12/2016,GENERAL SURGERIES,3
O5-2472,29/12/2016,GENERAL SURGERIES,7
Q0-3593,29/12/2016,VACCINATIONS,5
M2-1131,29/12/2016,GENERAL SURGERIES,17
K0-8177,30/12/2016,VACCINATIONS,5
J0-7893,30/12/2016,VACCINATIONS,5
H8-8856,30/12/2016,VACCINATIONS,5
V4-6172,30/12/2016,VACCINATIONS,5
U8-6473,30/12/2016,ORTHOPEDIC,3
Q0-3593,31/12/2016,VACCINATIONS,5
O5-2472,31/12/2016,VACCINATIONS,5
