PetID,Date,ProcedureType,ProcedureSubCode,,,,,,
S4-1063,2016-01-10,VACCINATIONS,5,,,,,,
L4-6292,2016-01-11,VACCINATIONS,5,,,,,,
N6-7350,2016-01-11,VACCINATIONS,5,,,,,,
H8-1429,2016-01-11,VACCINATIONS,5,,,,,,
S4-2254,2016-01-12,HOSPITALIZATION,1,,,,,,
J6-8562,2016-01-12,VACCINATIONS,5,,,,,,
L8-0046,2016-01-12,VACCINATIONS,5,,,,,,
J2-3320,2016-01-12,VACCINATIONS,5,,,,,,
F6-5391,2016-01-12,VACCINATIONS,5,,,,,,
M4-9675,2016-01-12,GENERAL SURGERIES,6,,,,,,
P7-2443,2016-01-12,GENERAL SURGERIES,3,,,,,,
S4-2254,2016-01-13,VACCINATIONS,5,,,,,,
I2-7926,2016-01-13,VACCINATIONS,5,,,,,,
M0-2904,2016-01-13,VACCINATIONS,5,,,,,,
U4-5113,2016-01-13,VACCINATIONS,5,,,,,,
K0-8177,2016-01-13,VACCINATIONS,5,,,,,,
U4-9376,2016-01-13,VACCINATIONS,5,,,,,,
S5-5938,2016-01-13,VACCINATIONS,5,,,,,,
O3-1895,2016-01-13,VACCINATIONS,5,,,,,,
X8-9212,2016-01-13,GENERAL SURGERIES,14,,,,,,
T8-1754,2016-01-13,GROOMING,3,,,,,,
J8-7429,2016-01-13,GROOMING,3,,,,,,
X8-9212,2016-01-13,GROOMING,1,,,,,,
M8-7852,2016-01-14,GROOMING,1,,,,,,
J0-7893,2016-01-15,GENERAL SURGERIES,3,,,,,,
Q0-8904,2016-01-16,ORTHOPEDIC,2,,,,,,
I2-7926,2016-01-16,VACCINATIONS,3,,,,,,
G0-7675,2016-01-16,VACCINATIONS,5,,,,,,
L8-9022,2016-01-16,VACCINATIONS,5,,,,,,
O3-1895,2016-01-16,VACCINATIONS,5,,,,,,
O1-7229,2016-01-16,VACCINATIONS,5,,,,,,
R4-6131,2016-01-16,VACCINATIONS,5,,,,,,
V4-6172,2016-01-16,VACCINATIONS,5,,,,,,
Q0-2001,2016-01-16,VACCINATIONS,5,,,,,,
L4-2594,2016-01-16,VACCINATIONS,5,,,,,,
J6-8562,2016-01-16,VACCINATIONS,5,,,,,,
F6-5391,2016-01-16,VACCINATIONS,5,,,,,,
S5-5938,2016-01-16,VACCINATIONS,5,,,,,,
Z4-5652,2016-01-16,VACCINATIONS,5,,,,,,
O6-3123,2016-01-16,VACCINATIONS,5,,,,,,
V4-6172,2016-01-16,VACCINATIONS,5,,,,,,
O8-2501,2016-01-16,VACCINATIONS,5,,,,,,
Z8-4419,2016-01-16,VACCINATIONS,5,,,,,,
V5-2342,2016-01-16,VACCINATIONS,5,,,,,,
S4-2254,2016-01-16,VACCINATIONS,5,,,,,,
I2-7926,2016-01-16,VACCINATIONS,5,,,,,,
O8-0027,2016-01-16,GENERAL SURGERIES,6,,,,,,
Q9-1565,2016-01-16,GROOMING,3,,,,,,
V7-6771,2016-01-16,GROOMING,1,,,,,,
J8-7429,2016-01-16,GROOMING,1,,,,,,
G9-0817,2016-01-16,GROOMING,1,,,,,,
P9-6519,2016-01-17,GROOMING,1,,,,,,
S4-0789,2016-01-17,ORTHOPEDIC,8,,,,,,
U4-6674,2016-01-18,VACCINATIONS,5,,,,,,
L4-4030,2016-01-18,GROOMING,1,,,,,,
K0-8177,2016-01-18,GENERAL SURGERIES,3,,,,,,
Z4-5652,2016-01-19,OFFICE FEES,3,,,,,,
V4-6172,2016-01-19,ORTHOPEDIC,5,,,,,,
Q2-3642,2016-01-20,VACCINATIONS,5,,,,,,
R7-4835,2016-01-20,GROOMING,1,,,,,,
I2-7926,2016-01-21,VACCINATIONS,5,,,,,,
X7-2632,2016-01-22,VACCINATIONS,5,,,,,,
Q9-1565,2016-01-22,VACCINATIONS,5,,,,,,
W8-5750,2016-01-22,VACCINATIONS,5,,,,,,
Z8-4419,2016-01-22,VACCINATIONS,5,,,,,,
R3-7551,2016-01-22,VACCINATIONS,5,,,,,,
S5-5938,2016-01-22,VACCINATIONS,5,,,,,,
J2-4382,2016-01-22,VACCINATIONS,5,,,,,,
P2-7342,2016-01-22,VACCINATIONS,5,,,,,,
Z6-3226,2016-01-22,VACCINATIONS,5,,,,,,
O5-2472,2016-01-22,GROOMING,1,,,,,,
X6-4876,2016-01-22,GENERAL SURGERIES,3,,,,,,
R3-7551,2016-01-23,VACCINATIONS,5,,,,,,
S4-4013,2016-01-23,VACCINATIONS,5,,,,,,
F1-1855,2016-01-23,GENERAL SURGERIES,15,,,,,,
L4-6292,2016-01-23,GROOMING,1,,,,,,
W8-5750,2016-01-24,VACCINATIONS,5,,,,,,
L2-1834,2016-01-24,VACCINATIONS,5,,,,,,
I6-9459,2016-01-24,GROOMING,3,,,,,,
H8-8856,2016-01-25,GENERAL SURGERIES,15,,,,,,
O8-2501,2016-01-25,VACCINATIONS,5,,,,,,
V5-2342,2016-01-26,VACCINATIONS,5,,,,,,
Q4-9479,2016-01-26,VACCINATIONS,5,,,,,,
Q8-0954,2016-01-26,VACCINATIONS,5,,,,,,
Z4-4045,2016-01-26,VACCINATIONS,5,,,,,,
N6-7350,2016-01-26,VACCINATIONS,5,,,,,,
O8-2501,2016-01-26,GROOMING,1,,,,,,
U4-6674,2016-01-26,GENERAL SURGERIES,3,,,,,,
K4-5012,2016-01-27,VACCINATIONS,5,,,,,,
P7-2443,2016-01-27,VACCINATIONS,5,,,,,,
M2-1131,2016-01-27,VACCINATIONS,5,,,,,,
S5-5938,2016-01-27,VACCINATIONS,5,,,,,,
J1-6366,2016-01-27,VACCINATIONS,5,,,,,,
L0-6660,2016-01-27,VACCINATIONS,5,,,,,,
I2-7926,2016-01-27,VACCINATIONS,5,,,,,,
U2-4205,2016-01-27,VACCINATIONS,5,,,,,,
T2-2142,2016-01-27,VACCINATIONS,5,,,,,,
F1-1855,2016-01-27,VACCINATIONS,5,,,,,,
O5-2472,2016-01-27,VACCINATIONS,5,,,,,,
H8-8856,2016-01-27,VACCINATIONS,5,,,,,,
R4-6131,2016-01-27,VACCINATIONS,5,,,,,,
M2-1131,2016-01-27,GENERAL SURGERIES,1,,,,,,
J6-8562,2016-01-27,ORTHOPEDIC,5,,,,,,
K4-5012,2016-01-27,GROOMING,3,,,,,,
Q0-2001,2016-01-28,VACCINATIONS,5,,,,,,
P7-2443,2016-01-28,VACCINATIONS,5,,,,,,
U2-7207,2016-01-28,OFFICE FEES,3,,,,,,
P0-1725,2016-01-28,GROOMING,3,,,,,,
O5-2472,2016-01-28,GROOMING,3,,,,,,
L4-4030,2016-01-28,GROOMING,1,,,,,,
Z4-5652,2016-01-29,VACCINATIONS,5,,,,,,
M2-1131,2016-01-29,VACCINATIONS,5,,,,,,
U0-5987,2016-01-29,VACCINATIONS,5,,,,,,
F2-3235,2016-01-30,VACCINATIONS,5,,,,,,
X7-2632,2016-01-30,VACCINATIONS,5,,,,,,
M0-2904,2016-01-30,VACCINATIONS,5,,,,,,
U4-6674,2016-01-30,VACCINATIONS,5,,,,,,
J2-3320,2016-01-30,VACCINATIONS,5,,,,,,
G0-8531,2016-01-30,VACCINATIONS,5,,,,,,
U4-9376,2016-01-30,VACCINATIONS,5,,,,,,
N7-6805,2016-01-30,VACCINATIONS,5,,,,,,
N7-6805,2016-01-30,HOSPITALIZATION,1,,,,,,
L8-0046,2016-01-30,GENERAL SURGERIES,18,,,,,,
L2-1834,2016-01-30,GROOMING,2,,,,,,
U4-9376,2016-01-30,ORTHOPEDIC,7,,,,,,
U4-5113,2016-01-30,GENERAL SURGERIES,19,,,,,,
S4-0789,2016-01-30,OFFICE FEES,2,,,,,,
V2-4634,2016-01-30,GROOMING,3,,,,,,
X7-2632,2016-01-30,GENERAL SURGERIES,3,,,,,,
H8-1429,2016-01-31,VACCINATIONS,5,,,,,,
G6-6501,2016-01-31,VACCINATIONS,5,,,,,,
Q9-1565,2016-01-31,VACCINATIONS,5,,,,,,
Q8-3145,2016-01-31,VACCINATIONS,5,,,,,,
U2-7207,2016-01-31,VACCINATIONS,5,,,,,,
K0-8177,2016-01-31,VACCINATIONS,5,,,,,,
U4-9376,2016-01-31,VACCINATIONS,5,,,,,,
J6-8562,2016-01-31,VACCINATIONS,5,,,,,,
L4-4205,2016-01-31,GENERAL SURGERIES,3,,,,,,
G4-8096,2016-01-31,GENERAL SURGERIES,3,,,,,,
G0-7675,2016-02-01,GROOMING,3,,,,,,
G4-8096,2016-02-01,VACCINATIONS,5,,,,,,
N8-0553,2016-02-01,VACCINATIONS,5,,,,,,
O1-7229,2016-02-01,VACCINATIONS,5,,,,,,
S5-5938,2016-02-01,VACCINATIONS,5,,,,,,
N7-6805,2016-02-01,VACCINATIONS,5,,,,,,
N8-0553,2016-02-01,VACCINATIONS,5,,,,,,
Z8-4419,2016-02-01,VACCINATIONS,5,,,,,,
X8-9212,2016-02-01,VACCINATIONS,5,,,,,,
L8-0046,2016-02-01,VACCINATIONS,5,,,,,,
L2-1834,2016-02-01,VACCINATIONS,5,,,,,,
I2-7926,2016-02-01,VACCINATIONS,5,,,,,,
P7-2443,2016-02-01,VACCINATIONS,5,,,,,,
F6-5391,2016-02-01,VACCINATIONS,5,,,,,,
R7-4835,2016-02-01,VACCINATIONS,5,,,,,,
M8-7852,2016-02-01,VACCINATIONS,5,,,,,,
U2-7207,2016-02-01,VACCINATIONS,5,,,,,,
Q8-0954,2016-02-01,VACCINATIONS,5,,,,,,
Q0-8904,2016-02-01,VACCINATIONS,5,,,,,,
X8-9212,2016-02-01,GENERAL SURGERIES,6,,,,,,
P9-3625,2016-02-01,GROOMING,3,,,,,,
Z6-3226,2016-02-01,GROOMING,1,,,,,,
S4-9578,2016-02-01,GENERAL SURGERIES,3,,,,,,
J1-6366,2016-02-01,GENERAL SURGERIES,3,,,,,,
L4-9973,2016-02-01,GENERAL SURGERIES,3,,,,,,
H2-8586,2016-02-02,ORTHOPEDIC,6,,,,,,
L4-9973,2016-02-02,VACCINATIONS,5,,,,,,
S4-2254,2016-02-02,VACCINATIONS,5,,,,,,
S5-5938,2016-02-02,VACCINATIONS,5,,,,,,
L8-0046,2016-02-02,VACCINATIONS,5,,,,,,
G9-0817,2016-02-02,VACCINATIONS,5,,,,,,
T2-2142,2016-02-02,VACCINATIONS,5,,,,,,
M4-9675,2016-02-02,VACCINATIONS,5,,,,,,
V7-6771,2016-02-02,VACCINATIONS,5,,,,,,
U2-4205,2016-02-02,VACCINATIONS,5,,,,,,
Z6-3226,2016-02-02,VACCINATIONS,5,,,,,,
F6-5391,2016-02-02,VACCINATIONS,5,,,,,,
K4-5012,2016-02-02,VACCINATIONS,5,,,,,,
L0-6660,2016-02-02,GENERAL SURGERIES,16,,,,,,
O6-3123,2016-02-02,GENERAL SURGERIES,6,,,,,,
P2-7342,2016-02-02,GENERAL SURGERIES,15,,,,,,
L4-4205,2016-02-02,GROOMING,3,,,,,,
S4-9578,2016-02-02,GROOMING,3,,,,,,
M4-9675,2016-02-02,GROOMING,3,,,,,,
O8-2501,2016-02-02,GROOMING,3,,,,,,
O3-1895,2016-02-02,GROOMING,1,,,,,,
R7-4835,2016-02-02,GROOMING,1,,,,,,
U4-9376,2016-02-02,GROOMING,1,,,,,,
S1-2243,2016-02-02,GENERAL SURGERIES,3,,,,,,
Z6-3226,2016-02-02,GENERAL SURGERIES,3,,,,,,
O5-2472,2016-02-03,GENERAL SURGERIES,13,,,,,,
G4-8096,2016-02-03,VACCINATIONS,5,,,,,,
G6-6501,2016-02-03,VACCINATIONS,5,,,,,,
N8-0553,2016-02-03,VACCINATIONS,5,,,,,,
W8-5750,2016-02-03,VACCINATIONS,5,,,,,,
J0-7893,2016-02-03,VACCINATIONS,5,,,,,,
O6-3123,2016-02-03,VACCINATIONS,5,,,,,,
L4-2594,2016-02-03,VACCINATIONS,5,,,,,,
I7-9550,2016-02-03,VACCINATIONS,5,,,,,,
N6-7350,2016-02-03,VACCINATIONS,5,,,,,,
T2-2142,2016-02-03,VACCINATIONS,5,,,,,,
U2-7207,2016-02-03,VACCINATIONS,5,,,,,,
M4-9675,2016-02-03,VACCINATIONS,5,,,,,,
O1-7229,2016-02-03,VACCINATIONS,5,,,,,,
L4-6292,2016-02-03,VACCINATIONS,5,,,,,,
P1-2578,2016-02-03,VACCINATIONS,5,,,,,,
Q8-0954,2016-02-03,VACCINATIONS,5,,,,,,
U4-9376,2016-02-03,VACCINATIONS,5,,,,,,
R7-4835,2016-02-03,VACCINATIONS,5,,,,,,
W9-8307,2016-02-03,VACCINATIONS,5,,,,,,
S4-4013,2016-02-03,VACCINATIONS,5,,,,,,
G6-6501,2016-02-03,VACCINATIONS,5,,,,,,
R7-4835,2016-02-03,VACCINATIONS,5,,,,,,
X8-8611,2016-02-03,VACCINATIONS,5,,,,,,
X8-8611,2016-02-03,VACCINATIONS,5,,,,,,
T2-2142,2016-02-03,VACCINATIONS,5,,,,,,
U4-6674,2016-02-03,VACCINATIONS,5,,,,,,
J0-7893,2016-02-03,VACCINATIONS,5,,,,,,
U6-4890,2016-02-03,VACCINATIONS,5,,,,,,
L4-4030,2016-02-03,VACCINATIONS,5,,,,,,
I2-7926,2016-02-03,VACCINATIONS,5,,,,,,
U2-7207,2016-02-03,VACCINATIONS,5,,,,,,
J1-6366,2016-02-03,VACCINATIONS,3,,,,,,
X7-2632,2016-02-03,VACCINATIONS,4,,,,,,
S4-0789,2016-02-03,GENERAL SURGERIES,7,,,,,,
U4-5113,2016-02-03,GENERAL SURGERIES,9,,,,,,
J2-4382,2016-02-03,OFFICE FEES,1,,,,,,
G9-0817,2016-02-03,GROOMING,1,,,,,,
Q4-9479,2016-02-03,GROOMING,3,,,,,,
Z8-4419,2016-02-03,GENERAL SURGERIES,19,,,,,,
Z6-3226,2016-02-03,GROOMING,3,,,,,,
U4-6674,2016-02-03,GROOMING,3,,,,,,
Z8-4419,2016-02-03,GROOMING,3,,,,,,
Z4-4045,2016-02-03,GROOMING,3,,,,,,
X8-9212,2016-02-03,GROOMING,1,,,,,,
T2-2142,2016-02-04,ORTHOPEDIC,5,,,,,,
M2-1131,2016-02-04,GENERAL SURGERIES,16,,,,,,
L8-0046,2016-02-04,VACCINATIONS,5,,,,,,
V2-4634,2016-02-04,ORTHOPEDIC,5,,,,,,
N0-9539,2016-02-04,VACCINATIONS,5,,,,,,
S4-2254,2016-02-04,VACCINATIONS,5,,,,,,
H2-8586,2016-02-04,VACCINATIONS,5,,,,,,
R3-7551,2016-02-04,VACCINATIONS,5,,,,,,
Q9-1565,2016-02-04,VACCINATIONS,5,,,,,,
T8-1754,2016-02-04,VACCINATIONS,5,,,,,,
U2-7207,2016-02-04,VACCINATIONS,5,,,,,,
G4-8096,2016-02-04,VACCINATIONS,5,,,,,,
L4-9973,2016-02-04,VACCINATIONS,5,,,,,,
Q4-9479,2016-02-04,VACCINATIONS,5,,,,,,
U2-4205,2016-02-04,VACCINATIONS,5,,,,,,
T0-3277,2016-02-04,VACCINATIONS,5,,,,,,
V4-6172,2016-02-04,VACCINATIONS,5,,,,,,
P1-2578,2016-02-04,VACCINATIONS,5,,,,,,
P7-2443,2016-02-04,VACCINATIONS,5,,,,,,
R7-4835,2016-02-04,VACCINATIONS,5,,,,,,
Z4-5652,2016-02-04,VACCINATIONS,5,,,,,,
J1-6366,2016-02-04,VACCINATIONS,5,,,,,,
N6-7350,2016-02-04,VACCINATIONS,5,,,,,,
Z8-4419,2016-02-04,VACCINATIONS,5,,,,,,
Z8-4419,2016-02-04,VACCINATIONS,5,,,,,,
V4-6172,2016-02-04,VACCINATIONS,5,,,,,,
M4-9675,2016-02-04,VACCINATIONS,5,,,,,,
O8-0027,2016-02-04,VACCINATIONS,5,,,,,,
U4-9376,2016-02-04,VACCINATIONS,5,,,,,,
Q9-1565,2016-02-04,VACCINATIONS,5,,,,,,
O8-2501,2016-02-04,VACCINATIONS,5,,,,,,
G0-8531,2016-02-04,VACCINATIONS,5,,,,,,
U4-6674,2016-02-04,VACCINATIONS,5,,,,,,
P9-3625,2016-02-04,VACCINATIONS,5,,,,,,
V7-6771,2016-02-04,VACCINATIONS,5,,,,,,
I5-4893,2016-02-04,VACCINATIONS,5,,,,,,
Q8-0954,2016-02-04,VACCINATIONS,5,,,,,,
G0-8531,2016-02-04,VACCINATIONS,5,,,,,,
H2-8586,2016-02-04,VACCINATIONS,5,,,,,,
F6-5391,2016-02-04,VACCINATIONS,5,,,,,,
X7-2632,2016-02-04,VACCINATIONS,5,,,,,,
Q0-3593,2016-02-04,VACCINATIONS,5,,,,,,
L4-4030,2016-02-04,VACCINATIONS,5,,,,,,
W8-5750,2016-02-04,VACCINATIONS,5,,,,,,
H8-1429,2016-02-04,VACCINATIONS,5,,,,,,
S5-5938,2016-02-04,GENERAL SURGERIES,4,,,,,,
T0-5705,2016-02-04,GENERAL SURGERIES,15,,,,,,
Q0-8904,2016-02-04,GENERAL SURGERIES,18,,,,,,
S4-2254,2016-02-04,GROOMING,2,,,,,,
O8-2501,2016-02-04,GENERAL SURGERIES,6,,,,,,
Z4-5652,2016-02-04,GENERAL SURGERIES,15,,,,,,
Z8-4419,2016-02-04,VACCINATIONS,4,,,,,,
N8-0553,2016-02-04,OFFICE FEES,1,,,,,,
N7-6805,2016-02-04,VACCINATIONS,1,,,,,,
G6-6501,2016-02-04,OFFICE FEES,2,,,,,,
U4-9376,2016-02-04,ORTHOPEDIC,6,,,,,,
J0-7893,2016-02-04,GROOMING,3,,,,,,
V4-6172,2016-02-04,GROOMING,3,,,,,,
I7-9550,2016-02-04,GROOMING,3,,,,,,
Q9-1565,2016-02-04,GROOMING,3,,,,,,
U4-9376,2016-02-04,GROOMING,1,,,,,,
G6-6501,2016-02-04,GROOMING,1,,,,,,
M4-9675,2016-02-04,GROOMING,1,,,,,,
Q8-8753,2016-02-04,GROOMING,1,,,,,,
Q0-3593,2016-02-04,GROOMING,1,,,,,,
L4-4030,2016-02-04,GENERAL SURGERIES,3,,,,,,
F2-3235,2016-02-04,GENERAL SURGERIES,3,,,,,,
F2-3235,2016-02-04,GENERAL SURGERIES,3,,,,,,
I5-4893,2016-02-05,VACCINATIONS,5,,,,,,
X8-9212,2016-02-05,VACCINATIONS,5,,,,,,
J1-6366,2016-02-05,VACCINATIONS,5,,,,,,
V5-2342,2016-02-05,VACCINATIONS,5,,,,,,
X0-8765,2016-02-05,VACCINATIONS,5,,,,,,
P2-7342,2016-02-05,VACCINATIONS,5,,,,,,
F2-3235,2016-02-05,VACCINATIONS,5,,,,,,
Q4-9479,2016-02-05,VACCINATIONS,5,,,,,,
P9-6519,2016-02-05,VACCINATIONS,5,,,,,,
P9-3625,2016-02-05,VACCINATIONS,5,,,,,,
M2-1131,2016-02-05,VACCINATIONS,5,,,,,,
U4-9376,2016-02-05,VACCINATIONS,5,,,,,,
G0-8531,2016-02-05,VACCINATIONS,5,,,,,,
I6-9459,2016-02-05,VACCINATIONS,5,,,,,,
L4-9973,2016-02-05,VACCINATIONS,5,,,,,,
U2-4205,2016-02-05,VACCINATIONS,5,,,,,,
U4-6674,2016-02-05,VACCINATIONS,5,,,,,,
G0-7675,2016-02-05,VACCINATIONS,5,,,,,,
P0-1725,2016-02-05,OFFICE FEES,2,,,,,,
Q0-8904,2016-02-05,ORTHOPEDIC,1,,,,,,
O6-3123,2016-02-05,GROOMING,3,,,,,,
F2-3235,2016-02-05,GROOMING,3,,,,,,
Q0-2001,2016-02-05,GROOMING,3,,,,,,
I5-4893,2016-02-05,GROOMING,3,,,,,,
O1-7229,2016-02-05,GROOMING,1,,,,,,
J8-7429,2016-02-05,GENERAL SURGERIES,3,,,,,,
I7-9550,2016-02-05,GENERAL SURGERIES,3,,,,,,
J1-6366,2016-02-06,VACCINATIONS,5,,,,,,
H8-8856,2016-02-06,VACCINATIONS,5,,,,,,
S4-4013,2016-02-06,VACCINATIONS,5,,,,,,
O8-2501,2016-02-07,VACCINATIONS,5,,,,,,
I2-7926,2016-02-07,VACCINATIONS,5,,,,,,
L0-6660,2016-02-08,VACCINATIONS,5,,,,,,
Q4-9479,2016-02-08,VACCINATIONS,5,,,,,,
N0-9539,2016-02-08,GENERAL SURGERIES,3,,,,,,
R7-4835,2016-02-09,VACCINATIONS,5,,,,,,
Z8-4419,2016-02-09,VACCINATIONS,5,,,,,,
U4-5113,2016-02-09,VACCINATIONS,5,,,,,,
L4-9973,2016-02-09,VACCINATIONS,5,,,,,,
M4-9675,2016-02-09,VACCINATIONS,5,,,,,,
O8-2501,2016-02-09,GROOMING,3,,,,,,
X8-9212,2016-02-10,VACCINATIONS,5,,,,,,
P9-3625,2016-02-10,VACCINATIONS,5,,,,,,
P7-2443,2016-02-10,VACCINATIONS,5,,,,,,
V2-4634,2016-02-10,VACCINATIONS,5,,,,,,
N7-6805,2016-02-10,VACCINATIONS,5,,,,,,
S4-2254,2016-02-11,VACCINATIONS,5,,,,,,
S4-2254,2016-02-11,VACCINATIONS,5,,,,,,
P0-1725,2016-02-11,ORTHOPEDIC,3,,,,,,
V7-6771,2016-02-11,GENERAL SURGERIES,2,,,,,,
P0-1725,2016-02-11,GROOMING,3,,,,,,
X7-2632,2016-02-12,VACCINATIONS,5,,,,,,
P1-2578,2016-02-12,VACCINATIONS,5,,,,,,
H8-1429,2016-02-12,VACCINATIONS,5,,,,,,
G9-0817,2016-02-12,VACCINATIONS,5,,,,,,
M8-7852,2016-02-12,VACCINATIONS,5,,,,,,
L4-9973,2016-02-12,VACCINATIONS,5,,,,,,
H8-8856,2016-02-12,VACCINATIONS,5,,,,,,
R7-4835,2016-02-12,VACCINATIONS,5,,,,,,
Q2-3642,2016-02-12,VACCINATIONS,5,,,,,,
M2-1131,2016-02-12,VACCINATIONS,5,,,,,,
J6-8562,2016-02-12,ORTHOPEDIC,9,,,,,,
L4-4205,2016-02-12,GENERAL SURGERIES,1,,,,,,
U2-4205,2016-02-12,VACCINATIONS,6,,,,,,
X8-8611,2016-02-12,HOSPITALIZATION,1,,,,,,
H8-1429,2016-02-12,GENERAL SURGERIES,4,,,,,,
S4-9578,2016-02-12,GROOMING,3,,,,,,
M4-9675,2016-02-12,GROOMING,3,,,,,,
J6-8562,2016-02-12,GROOMING,1,,,,,,
O3-1895,2016-02-12,GROOMING,1,,,,,,
V5-2342,2016-02-13,GROOMING,1,,,,,,
V2-4634,2016-02-13,GENERAL SURGERIES,3,,,,,,
F2-3235,2016-02-14,VACCINATIONS,5,,,,,,
V4-6172,2016-02-14,VACCINATIONS,5,,,,,,
J1-6366,2016-02-14,VACCINATIONS,5,,,,,,
U6-4890,2016-02-14,VACCINATIONS,5,,,,,,
T0-3277,2016-02-14,VACCINATIONS,5,,,,,,
H2-8586,2016-02-14,VACCINATIONS,5,,,,,,
Q4-9479,2016-02-14,VACCINATIONS,5,,,,,,
T8-1754,2016-02-14,VACCINATIONS,5,,,,,,
M4-9675,2016-02-14,VACCINATIONS,5,,,,,,
Q4-9479,2016-02-14,OFFICE FEES,3,,,,,,
U2-7207,2016-02-14,GROOMING,3,,,,,,
O8-0027,2016-02-14,GENERAL SURGERIES,3,,,,,,
Q8-8753,2016-02-15,VACCINATIONS,5,,,,,,
Z4-4045,2016-02-15,VACCINATIONS,5,,,,,,
K0-8177,2016-02-15,VACCINATIONS,5,,,,,,
U0-5987,2016-02-15,VACCINATIONS,5,,,,,,
X6-4876,2016-02-15,VACCINATIONS,5,,,,,,
Q8-3145,2016-02-15,GENERAL SURGERIES,13,,,,,,
T2-2142,2016-02-15,ORTHOPEDIC,3,,,,,,
T8-1754,2016-02-15,GROOMING,3,,,,,,
M8-7852,2016-02-15,GROOMING,1,,,,,,
T8-1754,2016-02-16,VACCINATIONS,5,,,,,,
L4-9973,2016-02-17,VACCINATIONS,5,,,,,,
L4-9973,2016-02-17,VACCINATIONS,5,,,,,,
F2-3235,2016-02-17,VACCINATIONS,5,,,,,,
I5-4893,2016-02-17,VACCINATIONS,5,,,,,,
M8-7852,2016-02-17,VACCINATIONS,5,,,,,,
P9-3625,2016-02-17,VACCINATIONS,5,,,,,,
V2-4634,2016-02-17,ORTHOPEDIC,5,,,,,,
T2-2142,2016-02-17,ORTHOPEDIC,2,,,,,,
S4-0789,2016-02-17,GROOMING,3,,,,,,
Q0-2001,2016-02-18,VACCINATIONS,5,,,,,,
I6-9459,2016-02-19,VACCINATIONS,5,,,,,,
J8-7429,2016-02-19,ORTHOPEDIC,2,,,,,,
Q2-3642,2016-02-20,VACCINATIONS,5,,,,,,
X0-8765,2016-02-20,VACCINATIONS,5,,,,,,
H2-8586,2016-02-20,VACCINATIONS,5,,,,,,
R7-4835,2016-02-20,GROOMING,3,,,,,,
W7-6372,2016-02-20,GROOMING,3,,,,,,
N0-9539,2016-02-20,GROOMING,1,,,,,,
P0-1725,2016-02-20,GENERAL SURGERIES,3,,,,,,
U2-7207,2016-02-21,VACCINATIONS,5,,,,,,
I7-9550,2016-02-21,GROOMING,1,,,,,,
T2-2142,2016-02-21,GROOMING,1,,,,,,
L4-6292,2016-02-22,VACCINATIONS,5,,,,,,
I7-9550,2016-02-22,VACCINATIONS,5,,,,,,
P7-2443,2016-02-22,GROOMING,3,,,,,,
S4-4013,2016-02-22,GROOMING,3,,,,,,
Q0-3593,2016-02-22,GROOMING,1,,,,,,
N0-9539,2016-02-23,VACCINATIONS,5,,,,,,
Q9-1565,2016-02-23,VACCINATIONS,5,,,,,,
U4-9376,2016-02-23,GENERAL SURGERIES,12,,,,,,
L4-4030,2016-02-23,GROOMING,3,,,,,,
Z6-3226,2016-02-23,GROOMING,1,,,,,,
T0-3277,2016-02-24,VACCINATIONS,5,,,,,,
W7-6372,2016-02-24,VACCINATIONS,5,,,,,,
V7-6771,2016-02-24,VACCINATIONS,5,,,,,,
T2-2142,2016-02-24,VACCINATIONS,5,,,,,,
Q0-2001,2016-02-24,VACCINATIONS,5,,,,,,
Z4-4045,2016-02-24,VACCINATIONS,5,,,,,,
I5-4893,2016-02-24,GROOMING,3,,,,,,
S5-5938,2016-02-24,GROOMING,1,,,,,,
H8-8856,2016-02-24,GENERAL SURGERIES,3,,,,,,
H8-8856,2016-02-25,VACCINATIONS,5,,,,,,
O3-1895,2016-02-26,VACCINATIONS,5,,,,,,
Q0-8904,2016-02-26,VACCINATIONS,5,,,,,,
M0-2904,2016-02-26,VACCINATIONS,5,,,,,,
U0-5987,2016-02-26,VACCINATIONS,5,,,,,,
V7-6771,2016-02-26,GROOMING,1,,,,,,
R7-4835,2016-02-26,GROOMING,1,,,,,,
W8-5750,2016-02-27,GENERAL SURGERIES,9,,,,,,
U6-4890,2016-02-27,VACCINATIONS,5,,,,,,
Z4-4045,2016-02-27,VACCINATIONS,5,,,,,,
S4-2254,2016-02-27,VACCINATIONS,5,,,,,,
O8-0027,2016-02-27,VACCINATIONS,5,,,,,,
V5-2342,2016-02-27,GENERAL SURGERIES,6,,,,,,
Q2-3642,2016-02-27,GROOMING,1,,,,,,
X6-4876,2016-02-28,VACCINATIONS,5,,,,,,
L4-2594,2016-02-28,VACCINATIONS,5,,,,,,
U4-6674,2016-02-28,VACCINATIONS,5,,,,,,
G9-0817,2016-02-28,VACCINATIONS,5,,,,,,
M0-2904,2016-02-28,ORTHOPEDIC,4,,,,,,
O1-7229,2016-03-01,VACCINATIONS,5,,,,,,
K0-8177,2016-03-01,GENERAL SURGERIES,7,,,,,,
U8-6473,2016-03-02,VACCINATIONS,5,,,,,,
F1-1855,2016-03-02,VACCINATIONS,5,,,,,,
P2-7342,2016-03-02,GROOMING,3,,,,,,
G6-6501,2016-03-02,GROOMING,1,,,,,,
P7-2443,2016-03-02,GROOMING,1,,,,,,
J6-8562,2016-03-03,VACCINATIONS,5,,,,,,
O8-0027,2016-03-03,VACCINATIONS,5,,,,,,
F6-5391,2016-03-03,VACCINATIONS,5,,,,,,
L4-6292,2016-03-03,VACCINATIONS,5,,,,,,
Q0-8904,2016-03-03,VACCINATIONS,5,,,,,,
T0-3277,2016-03-03,VACCINATIONS,5,,,,,,
T0-5705,2016-03-03,VACCINATIONS,5,,,,,,
L8-9022,2016-03-03,VACCINATIONS,5,,,,,,
S5-5938,2016-03-03,VACCINATIONS,5,,,,,,
J0-7893,2016-03-03,VACCINATIONS,5,,,,,,
Z4-5652,2016-03-03,VACCINATIONS,5,,,,,,
T0-3277,2016-03-03,VACCINATIONS,5,,,,,,
U4-9376,2016-03-03,VACCINATIONS,2,,,,,,
S5-5938,2016-03-03,GENERAL SURGERIES,14,,,,,,
R3-7551,2016-03-03,GENERAL SURGERIES,3,,,,,,
N8-0553,2016-03-03,GROOMING,3,,,,,,
L4-4030,2016-03-03,GROOMING,1,,,,,,
X7-2632,2016-03-03,GROOMING,1,,,,,,
G9-0817,2016-03-03,GROOMING,1,,,,,,
F6-5391,2016-03-03,GROOMING,1,,,,,,
L4-6292,2016-03-04,VACCINATIONS,5,,,,,,
Q8-8753,2016-03-04,VACCINATIONS,5,,,,,,
V7-6771,2016-03-04,GROOMING,1,,,,,,
P0-1725,2016-03-05,GENERAL SURGERIES,19,,,,,,
J8-7429,2016-03-05,VACCINATIONS,5,,,,,,
F1-1855,2016-03-05,VACCINATIONS,5,,,,,,
H8-1429,2016-03-05,VACCINATIONS,5,,,,,,
Z8-4419,2016-03-05,VACCINATIONS,5,,,,,,
U8-6473,2016-03-05,VACCINATIONS,5,,,,,,
S5-5938,2016-03-05,OFFICE FEES,2,,,,,,
F6-5391,2016-03-05,VACCINATIONS,5,,,,,,
L4-6292,2016-03-05,GENERAL SURGERIES,8,,,,,,
L4-6292,2016-03-05,GROOMING,1,,,,,,
X0-8765,2016-03-05,GROOMING,1,,,,,,
J1-6366,2016-03-06,VACCINATIONS,1,,,,,,
I2-7926,2016-03-06,VACCINATIONS,5,,,,,,
I2-7926,2016-03-06,VACCINATIONS,5,,,,,,
P0-1725,2016-03-06,VACCINATIONS,5,,,,,,
O6-3123,2016-03-06,VACCINATIONS,2,,,,,,
Z4-4045,2016-03-07,VACCINATIONS,5,,,,,,
J2-3320,2016-03-07,VACCINATIONS,5,,,,,,
S5-5938,2016-03-07,GENERAL SURGERIES,17,,,,,,
G0-7675,2016-03-08,VACCINATIONS,5,,,,,,
N7-6805,2016-03-08,VACCINATIONS,5,,,,,,
L8-0046,2016-03-08,VACCINATIONS,5,,,,,,
P7-2443,2016-03-08,VACCINATIONS,5,,,,,,
S1-2243,2016-03-08,VACCINATIONS,5,,,,,,
L4-4205,2016-03-08,VACCINATIONS,5,,,,,,
U2-7207,2016-03-08,VACCINATIONS,5,,,,,,
M4-9675,2016-03-08,VACCINATIONS,6,,,,,,
G0-8531,2016-03-08,GROOMING,3,,,,,,
L4-4030,2016-03-08,GROOMING,3,,,,,,
M8-7852,2016-03-08,GENERAL SURGERIES,3,,,,,,
F6-5391,2016-03-09,VACCINATIONS,5,,,,,,
G6-6501,2016-03-09,VACCINATIONS,5,,,,,,
Q8-0954,2016-03-09,VACCINATIONS,5,,,,,,
U2-4205,2016-03-09,GROOMING,1,,,,,,
J2-3320,2016-03-10,VACCINATIONS,5,,,,,,
L4-4205,2016-03-10,VACCINATIONS,5,,,,,,
Q8-3145,2016-03-10,VACCINATIONS,5,,,,,,
M8-7852,2016-03-10,VACCINATIONS,5,,,,,,
L8-0046,2016-03-10,VACCINATIONS,5,,,,,,
G9-0817,2016-03-10,VACCINATIONS,5,,,,,,
Q2-3642,2016-03-10,VACCINATIONS,5,,,,,,
L0-6660,2016-03-10,VACCINATIONS,5,,,,,,
X6-4876,2016-03-10,VACCINATIONS,5,,,,,,
R3-7551,2016-03-10,VACCINATIONS,5,,,,,,
G6-6501,2016-03-10,VACCINATIONS,5,,,,,,
S4-9578,2016-03-10,VACCINATIONS,5,,,,,,
Z8-4419,2016-03-10,VACCINATIONS,5,,,,,,
P1-2578,2016-03-10,VACCINATIONS,5,,,,,,
U2-7207,2016-03-10,VACCINATIONS,5,,,,,,
U8-6473,2016-03-10,VACCINATIONS,5,,,,,,
L4-6292,2016-03-10,VACCINATIONS,5,,,,,,
N6-7350,2016-03-10,VACCINATIONS,5,,,,,,
T0-3277,2016-03-10,ORTHOPEDIC,9,,,,,,
T0-3277,2016-03-10,GENERAL SURGERIES,5,,,,,,
Q2-3642,2016-03-10,GENERAL SURGERIES,16,,,,,,
L2-1834,2016-03-10,HOSPITALIZATION,1,,,,,,
U8-6473,2016-03-10,GENERAL SURGERIES,14,,,,,,
M2-1131,2016-03-10,GENERAL SURGERIES,13,,,,,,
X0-8765,2016-03-10,GROOMING,3,,,,,,
H8-1429,2016-03-10,GROOMING,1,,,,,,
U4-9376,2016-03-10,GROOMING,1,,,,,,
L4-4030,2016-03-10,GROOMING,1,,,,,,
S4-0789,2016-03-10,GROOMING,1,,,,,,
U6-4890,2016-03-10,GROOMING,1,,,,,,
S4-2254,2016-03-11,VACCINATIONS,3,,,,,,
J1-6366,2016-03-12,GENERAL SURGERIES,11,,,,,,
P2-7342,2016-03-12,VACCINATIONS,5,,,,,,
W7-6372,2016-03-12,VACCINATIONS,5,,,,,,
H8-1429,2016-03-12,VACCINATIONS,5,,,,,,
Q0-2001,2016-03-12,VACCINATIONS,5,,,,,,
K0-8177,2016-03-12,GENERAL SURGERIES,9,,,,,,
W7-6372,2016-03-12,GROOMING,3,,,,,,
X8-8611,2016-03-13,ORTHOPEDIC,4,,,,,,
P7-2443,2016-03-14,GROOMING,1,,,,,,
F1-1855,2016-03-14,GENERAL SURGERIES,3,,,,,,
K0-8177,2016-03-15,VACCINATIONS,5,,,,,,
X0-8765,2016-03-16,VACCINATIONS,5,,,,,,
L8-9022,2016-03-16,GROOMING,3,,,,,,
S4-4013,2016-03-17,ORTHOPEDIC,7,,,,,,
Q9-1565,2016-03-17,VACCINATIONS,5,,,,,,
R3-7551,2016-03-17,VACCINATIONS,5,,,,,,
L4-4205,2016-03-17,VACCINATIONS,5,,,,,,
Z4-4045,2016-03-17,VACCINATIONS,5,,,,,,
U4-5113,2016-03-17,VACCINATIONS,5,,,,,,
I2-7926,2016-03-17,VACCINATIONS,5,,,,,,
S4-9578,2016-03-17,VACCINATIONS,5,,,,,,
Q8-8753,2016-03-17,GROOMING,3,,,,,,
X8-8611,2016-03-18,ORTHOPEDIC,3,,,,,,
X7-2632,2016-03-18,VACCINATIONS,5,,,,,,
N6-7350,2016-03-18,VACCINATIONS,5,,,,,,
N8-0553,2016-03-18,VACCINATIONS,5,,,,,,
L2-1834,2016-03-18,VACCINATIONS,5,,,,,,
I7-9550,2016-03-18,VACCINATIONS,5,,,,,,
P1-2578,2016-03-18,VACCINATIONS,5,,,,,,
Q5-5872,2016-03-18,VACCINATIONS,5,,,,,,
O6-3123,2016-03-18,ORTHOPEDIC,5,,,,,,
G4-8096,2016-03-18,GENERAL SURGERIES,15,,,,,,
X6-4876,2016-03-19,VACCINATIONS,5,,,,,,
T8-1754,2016-03-19,VACCINATIONS,5,,,,,,
W7-6372,2016-03-19,VACCINATIONS,5,,,,,,
N0-9539,2016-03-19,VACCINATIONS,5,,,,,,
Q8-0954,2016-03-19,VACCINATIONS,5,,,,,,
X0-8765,2016-03-19,VACCINATIONS,5,,,,,,
P7-2443,2016-03-19,VACCINATIONS,5,,,,,,
V5-2342,2016-03-19,VACCINATIONS,5,,,,,,
S4-2254,2016-03-19,GENERAL SURGERIES,5,,,,,,
V2-4634,2016-03-19,GROOMING,1,,,,,,
S1-2243,2016-03-19,GROOMING,1,,,,,,
X7-2632,2016-03-20,VACCINATIONS,5,,,,,,
U0-5987,2016-03-20,GROOMING,3,,,,,,
L4-9973,2016-03-21,VACCINATIONS,5,,,,,,
U4-5113,2016-03-21,VACCINATIONS,5,,,,,,
S5-5938,2016-03-21,GENERAL SURGERIES,8,,,,,,
M8-7852,2016-03-21,GENERAL SURGERIES,2,,,,,,
F2-3235,2016-03-22,VACCINATIONS,5,,,,,,
U8-6473,2016-03-23,VACCINATIONS,5,,,,,,
P1-2578,2016-03-23,VACCINATIONS,5,,,,,,
F6-5391,2016-03-23,VACCINATIONS,5,,,,,,
U4-6674,2016-03-23,VACCINATIONS,5,,,,,,
P7-2443,2016-03-24,VACCINATIONS,5,,,,,,
J2-3320,2016-03-24,GROOMING,1,,,,,,
Z8-4419,2016-03-25,VACCINATIONS,5,,,,,,
V2-4634,2016-03-26,GENERAL SURGERIES,16,,,,,,
O3-1895,2016-03-27,GROOMING,3,,,,,,
Q9-1565,2016-03-28,GENERAL SURGERIES,18,,,,,,
R4-6131,2016-03-28,VACCINATIONS,5,,,,,,
U4-9376,2016-03-28,VACCINATIONS,5,,,,,,
L4-9973,2016-03-28,VACCINATIONS,5,,,,,,
X8-9212,2016-03-28,VACCINATIONS,5,,,,,,
N6-7350,2016-03-28,VACCINATIONS,5,,,,,,
P7-2443,2016-03-28,VACCINATIONS,5,,,,,,
Z8-4419,2016-03-28,VACCINATIONS,5,,,,,,
Q2-3642,2016-03-28,VACCINATIONS,5,,,,,,
J2-3320,2016-03-28,VACCINATIONS,5,,,,,,
T0-3277,2016-03-28,VACCINATIONS,5,,,,,,
X7-2632,2016-03-28,VACCINATIONS,5,,,,,,
X0-8765,2016-03-28,GENERAL SURGERIES,1,,,,,,
L4-4030,2016-03-28,GROOMING,3,,,,,,
N8-0553,2016-03-28,GROOMING,3,,,,,,
T8-1754,2016-03-28,GROOMING,3,,,,,,
G0-7675,2016-03-28,GROOMING,1,,,,,,
V5-2342,2016-03-28,GENERAL SURGERIES,3,,,,,,
F2-3235,2016-03-28,GENERAL SURGERIES,3,,,,,,
S5-5938,2016-03-29,VACCINATIONS,5,,,,,,
W7-6372,2016-03-29,VACCINATIONS,5,,,,,,
M8-7852,2016-03-29,GROOMING,3,,,,,,
K4-5012,2016-03-29,GROOMING,3,,,,,,
G6-6501,2016-03-30,VACCINATIONS,5,,,,,,
I2-7926,2016-03-30,GROOMING,3,,,,,,
T2-2142,2016-03-31,VACCINATIONS,5,,,,,,
Z6-3226,2016-03-31,VACCINATIONS,5,,,,,,
V4-6172,2016-03-31,GENERAL SURGERIES,9,,,,,,
O6-3123,2016-03-31,GROOMING,3,,,,,,
U2-7207,2016-03-31,GROOMING,3,,,,,,
V2-4634,2016-04-01,VACCINATIONS,5,,,,,,
G0-7675,2016-04-02,VACCINATIONS,5,,,,,,
G0-7675,2016-04-03,VACCINATIONS,5,,,,,,
P7-2443,2016-04-03,VACCINATIONS,5,,,,,,
S5-5938,2016-04-03,GENERAL SURGERIES,3,,,,,,
Z8-4419,2016-04-03,GENERAL SURGERIES,7,,,,,,
U4-9376,2016-04-03,GENERAL SURGERIES,8,,,,,,
R4-6131,2016-04-03,ORTHOPEDIC,8,,,,,,
G6-6501,2016-04-03,GENERAL SURGERIES,3,,,,,,
I7-9550,2016-04-04,VACCINATIONS,5,,,,,,
F2-3235,2016-04-05,VACCINATIONS,5,,,,,,
Q5-5872,2016-04-06,GENERAL SURGERIES,5,,,,,,
Z6-3226,2016-04-06,VACCINATIONS,5,,,,,,
U4-9376,2016-04-06,VACCINATIONS,5,,,,,,
N8-0553,2016-04-06,VACCINATIONS,5,,,,,,
R7-4835,2016-04-06,GROOMING,3,,,,,,
K4-5012,2016-04-07,VACCINATIONS,5,,,,,,
H8-8856,2016-04-07,GROOMING,1,,,,,,
O6-3123,2016-04-07,GROOMING,1,,,,,,
O8-0027,2016-04-08,OFFICE FEES,3,,,,,,
P9-3625,2016-04-08,VACCINATIONS,5,,,,,,
L2-1834,2016-04-08,VACCINATIONS,5,,,,,,
G6-6501,2016-04-08,VACCINATIONS,5,,,,,,
O8-2501,2016-04-08,GENERAL SURGERIES,3,,,,,,
J2-4382,2016-04-09,VACCINATIONS,5,,,,,,
N6-7350,2016-04-09,GENERAL SURGERIES,3,,,,,,
L4-2594,2016-04-10,VACCINATIONS,5,,,,,,
X8-9212,2016-04-11,VACCINATIONS,5,,,,,,
Z6-3226,2016-04-11,VACCINATIONS,5,,,,,,
Q8-0954,2016-04-11,VACCINATIONS,5,,,,,,
L2-1834,2016-04-12,GROOMING,3,,,,,,
P9-6519,2016-04-12,GROOMING,1,,,,,,
S4-1063,2016-04-12,GROOMING,1,,,,,,
T2-2142,2016-04-12,GENERAL SURGERIES,3,,,,,,
X7-2632,2016-04-13,GENERAL SURGERIES,4,,,,,,
N7-6805,2016-04-13,VACCINATIONS,5,,,,,,
N0-9539,2016-04-13,VACCINATIONS,5,,,,,,
N7-6805,2016-04-13,VACCINATIONS,5,,,,,,
G0-7675,2016-04-13,VACCINATIONS,2,,,,,,
L4-2594,2016-04-13,ORTHOPEDIC,4,,,,,,
S4-9578,2016-04-13,ORTHOPEDIC,6,,,,,,
L0-6660,2016-04-13,GROOMING,3,,,,,,
T0-3277,2016-04-13,GROOMING,1,,,,,,
L4-6292,2016-04-13,GENERAL SURGERIES,3,,,,,,
X6-4876,2016-04-14,VACCINATIONS,5,,,,,,
G9-0817,2016-04-15,VACCINATIONS,5,,,,,,
Q8-8753,2016-04-15,VACCINATIONS,5,,,,,,
L4-9973,2016-04-15,ORTHOPEDIC,6,,,,,,
R4-6131,2016-04-15,GROOMING,3,,,,,,
P7-2443,2016-04-16,GROOMING,3,,,,,,
Q8-3145,2016-04-16,VACCINATIONS,5,,,,,,
U8-6473,2016-04-16,VACCINATIONS,5,,,,,,
S1-2243,2016-04-16,OFFICE FEES,2,,,,,,
S5-5938,2016-04-17,VACCINATIONS,5,,,,,,
H8-1429,2016-04-17,GENERAL SURGERIES,3,,,,,,
L4-9973,2016-04-18,VACCINATIONS,5,,,,,,
R4-6131,2016-04-18,VACCINATIONS,5,,,,,,
Z4-5652,2016-04-18,GENERAL SURGERIES,12,,,,,,
X7-2632,2016-04-18,VACCINATIONS,3,,,,,,
Z4-4045,2016-04-18,GROOMING,1,,,,,,
Q9-1565,2016-04-18,GENERAL SURGERIES,3,,,,,,
V2-4634,2016-04-19,VACCINATIONS,5,,,,,,
O6-3123,2016-04-20,VACCINATIONS,5,,,,,,
S4-2254,2016-04-21,VACCINATIONS,5,,,,,,
T0-3277,2016-04-21,VACCINATIONS,5,,,,,,
F2-3235,2016-04-21,VACCINATIONS,5,,,,,,
J2-4382,2016-04-21,VACCINATIONS,5,,,,,,
Q4-9479,2016-04-21,VACCINATIONS,5,,,,,,
O6-3123,2016-04-21,VACCINATIONS,5,,,,,,
X7-2632,2016-04-21,VACCINATIONS,5,,,,,,
N7-6805,2016-04-21,VACCINATIONS,5,,,,,,
R3-7551,2016-04-21,VACCINATIONS,5,,,,,,
I6-9459,2016-04-21,GENERAL SURGERIES,5,,,,,,
O3-1895,2016-04-21,GENERAL SURGERIES,3,,,,,,
L8-0046,2016-04-21,GROOMING,3,,,,,,
J1-6366,2016-04-21,GROOMING,3,,,,,,
Z4-5652,2016-04-21,GROOMING,3,,,,,,
Q8-8753,2016-04-21,GROOMING,1,,,,,,
L8-9022,2016-04-21,GENERAL SURGERIES,3,,,,,,
I5-4893,2016-04-22,VACCINATIONS,5,,,,,,
V5-2342,2016-04-22,VACCINATIONS,5,,,,,,
U2-7207,2016-04-22,VACCINATIONS,5,,,,,,
L4-2594,2016-04-22,VACCINATIONS,5,,,,,,
X0-8765,2016-04-22,VACCINATIONS,5,,,,,,
W7-6372,2016-04-22,VACCINATIONS,5,,,,,,
K0-8177,2016-04-22,VACCINATIONS,5,,,,,,
P9-6519,2016-04-22,VACCINATIONS,5,,,,,,
G0-8531,2016-04-22,VACCINATIONS,5,,,,,,
U6-4890,2016-04-22,VACCINATIONS,5,,,,,,
F1-1855,2016-04-22,ORTHOPEDIC,9,,,,,,
P9-3625,2016-04-22,ORTHOPEDIC,1,,,,,,
W9-8307,2016-04-22,GROOMING,3,,,,,,
R7-4835,2016-04-22,GENERAL SURGERIES,3,,,,,,
U4-9376,2016-04-23,VACCINATIONS,5,,,,,,
S4-1063,2016-04-24,GENERAL SURGERIES,7,,,,,,
Q0-2001,2016-04-24,VACCINATIONS,5,,,,,,
K0-8177,2016-04-24,VACCINATIONS,5,,,,,,
F2-3235,2016-04-24,VACCINATIONS,5,,,,,,
I6-9459,2016-04-24,VACCINATIONS,5,,,,,,
U2-4205,2016-04-24,VACCINATIONS,5,,,,,,
L4-6292,2016-04-24,VACCINATIONS,5,,,,,,
S4-2254,2016-04-24,VACCINATIONS,5,,,,,,
S5-5938,2016-04-24,VACCINATIONS,5,,,,,,
S4-9578,2016-04-24,OFFICE FEES,1,,,,,,
X0-8765,2016-04-24,GROOMING,3,,,,,,
M2-1131,2016-04-24,GROOMING,1,,,,,,
Q8-3145,2016-04-25,VACCINATIONS,5,,,,,,
K0-8177,2016-04-25,VACCINATIONS,5,,,,,,
O1-7229,2016-04-25,VACCINATIONS,5,,,,,,
R3-7551,2016-04-25,VACCINATIONS,5,,,,,,
Z8-4419,2016-04-25,GROOMING,1,,,,,,
X7-2632,2016-04-25,GROOMING,1,,,,,,
S4-4013,2016-04-26,VACCINATIONS,5,,,,,,
X6-4876,2016-04-26,VACCINATIONS,5,,,,,,
V7-6771,2016-04-27,GROOMING,3,,,,,,
O6-3123,2016-04-27,GROOMING,1,,,,,,
P9-3625,2016-04-28,GENERAL SURGERIES,2,,,,,,
H2-8586,2016-04-28,GENERAL SURGERIES,16,,,,,,
U2-7207,2016-04-29,GROOMING,1,,,,,,
R3-7551,2016-04-30,VACCINATIONS,5,,,,,,
L0-6660,2016-04-30,VACCINATIONS,5,,,,,,
F2-3235,2016-04-30,VACCINATIONS,5,,,,,,
X7-2632,2016-04-30,GENERAL SURGERIES,10,,,,,,
Q8-8753,2016-04-30,GROOMING,1,,,,,,
O8-2501,2016-05-01,GENERAL SURGERIES,3,,,,,,
Q0-8904,2016-05-01,VACCINATIONS,5,,,,,,
P9-6519,2016-05-01,VACCINATIONS,5,,,,,,
K4-5012,2016-05-01,VACCINATIONS,5,,,,,,
L2-1834,2016-05-01,VACCINATIONS,5,,,,,,
V4-6172,2016-05-01,VACCINATIONS,5,,,,,,
M2-1131,2016-05-01,VACCINATIONS,5,,,,,,
V4-6172,2016-05-01,VACCINATIONS,5,,,,,,
U4-5113,2016-05-01,VACCINATIONS,5,,,,,,
V4-6172,2016-05-01,VACCINATIONS,1,,,,,,
S5-5938,2016-05-01,GROOMING,3,,,,,,
V2-4634,2016-05-01,GROOMING,1,,,,,,
M0-2904,2016-05-01,GROOMING,1,,,,,,
V4-6172,2016-05-01,GENERAL SURGERIES,3,,,,,,
N6-7350,2016-05-02,VACCINATIONS,5,,,,,,
S4-1063,2016-05-02,VACCINATIONS,5,,,,,,
Q0-3593,2016-05-02,VACCINATIONS,5,,,,,,
J2-3320,2016-05-02,ORTHOPEDIC,7,,,,,,
Q8-3145,2016-05-02,GROOMING,3,,,,,,
F2-3235,2016-05-02,GROOMING,1,,,,,,
Q8-8753,2016-05-02,GENERAL SURGERIES,3,,,,,,
G9-0817,2016-05-03,GENERAL SURGERIES,11,,,,,,
S4-4013,2016-05-03,GROOMING,1,,,,,,
I5-4893,2016-05-04,VACCINATIONS,3,,,,,,
F6-5391,2016-05-04,GENERAL SURGERIES,15,,,,,,
N0-9539,2016-05-04,VACCINATIONS,5,,,,,,
J2-4382,2016-05-04,VACCINATIONS,5,,,,,,
Z4-4045,2016-05-04,VACCINATIONS,5,,,,,,
P1-2578,2016-05-04,VACCINATIONS,5,,,,,,
H8-8856,2016-05-04,VACCINATIONS,5,,,,,,
Q8-8753,2016-05-04,VACCINATIONS,5,,,,,,
F1-1855,2016-05-04,VACCINATIONS,5,,,,,,
T0-3277,2016-05-04,VACCINATIONS,5,,,,,,
T2-2142,2016-05-04,VACCINATIONS,5,,,,,,
V2-4634,2016-05-04,VACCINATIONS,5,,,,,,
P9-6519,2016-05-04,VACCINATIONS,5,,,,,,
N6-7350,2016-05-04,GENERAL SURGERIES,9,,,,,,
L4-9973,2016-05-04,GENERAL SURGERIES,2,,,,,,
S4-9578,2016-05-04,GROOMING,3,,,,,,
G9-0817,2016-05-04,GROOMING,1,,,,,,
S4-0789,2016-05-04,GENERAL SURGERIES,3,,,,,,
L2-1834,2016-05-05,VACCINATIONS,5,,,,,,
U6-4890,2016-05-05,VACCINATIONS,5,,,,,,
U8-6473,2016-05-05,ORTHOPEDIC,7,,,,,,
S4-9578,2016-05-05,GENERAL SURGERIES,5,,,,,,
G9-0817,2016-05-06,VACCINATIONS,5,,,,,,
P9-3625,2016-05-06,VACCINATIONS,5,,,,,,
G6-6501,2016-05-06,GROOMING,1,,,,,,
Q8-0954,2016-05-06,GROOMING,1,,,,,,
U6-4890,2016-05-07,VACCINATIONS,5,,,,,,
V2-4634,2016-05-07,VACCINATIONS,5,,,,,,
H8-8856,2016-05-07,VACCINATIONS,5,,,,,,
V5-2342,2016-05-07,VACCINATIONS,5,,,,,,
L2-1834,2016-05-07,VACCINATIONS,5,,,,,,
Z4-5652,2016-05-07,VACCINATIONS,5,,,,,,
J8-7429,2016-05-07,VACCINATIONS,5,,,,,,
G4-8096,2016-05-07,VACCINATIONS,5,,,,,,
S4-2254,2016-05-07,GENERAL SURGERIES,10,,,,,,
P9-6519,2016-05-07,OFFICE FEES,3,,,,,,
Z4-5652,2016-05-07,GENERAL SURGERIES,3,,,,,,
U2-7207,2016-05-08,VACCINATIONS,5,,,,,,
L4-2594,2016-05-08,VACCINATIONS,5,,,,,,
I7-9550,2016-05-08,VACCINATIONS,5,,,,,,
L2-1834,2016-05-08,VACCINATIONS,5,,,,,,
P2-7342,2016-05-08,VACCINATIONS,5,,,,,,
J0-7893,2016-05-08,VACCINATIONS,5,,,,,,
G4-8096,2016-05-08,VACCINATIONS,5,,,,,,
L4-6292,2016-05-08,VACCINATIONS,5,,,,,,
K0-8177,2016-05-08,VACCINATIONS,5,,,,,,
Z6-3226,2016-05-08,VACCINATIONS,5,,,,,,
Q8-0954,2016-05-08,VACCINATIONS,5,,,,,,
Q8-3145,2016-05-08,VACCINATIONS,5,,,,,,
J0-7893,2016-05-08,VACCINATIONS,5,,,,,,
R3-7551,2016-05-08,VACCINATIONS,5,,,,,,
O5-2472,2016-05-08,VACCINATIONS,5,,,,,,
S4-2254,2016-05-08,VACCINATIONS,5,,,,,,
M0-2904,2016-05-08,VACCINATIONS,5,,,,,,
Q0-3593,2016-05-08,VACCINATIONS,5,,,,,,
Q0-2001,2016-05-08,ORTHOPEDIC,8,,,,,,
L8-0046,2016-05-08,VACCINATIONS,2,,,,,,
U2-7207,2016-05-08,GROOMING,3,,,,,,
N0-9539,2016-05-08,GROOMING,3,,,,,,
N7-6805,2016-05-08,GROOMING,1,,,,,,
Z4-4045,2016-05-09,VACCINATIONS,5,,,,,,
W9-8307,2016-05-09,VACCINATIONS,5,,,,,,
L0-6660,2016-05-09,VACCINATIONS,5,,,,,,
P9-6519,2016-05-09,VACCINATIONS,5,,,,,,
S4-4013,2016-05-10,VACCINATIONS,5,,,,,,
V5-2342,2016-05-10,VACCINATIONS,5,,,,,,
Q0-2001,2016-05-10,VACCINATIONS,5,,,,,,
O8-2501,2016-05-10,VACCINATIONS,5,,,,,,
V2-4634,2016-05-10,VACCINATIONS,5,,,,,,
U4-5113,2016-05-11,GENERAL SURGERIES,3,,,,,,
R3-7551,2016-05-12,VACCINATIONS,5,,,,,,
I5-4893,2016-05-12,VACCINATIONS,5,,,,,,
V7-6771,2016-05-12,VACCINATIONS,5,,,,,,
O5-2472,2016-05-12,VACCINATIONS,5,,,,,,
Q2-3642,2016-05-12,VACCINATIONS,5,,,,,,
Q8-3145,2016-05-12,VACCINATIONS,5,,,,,,
J1-6366,2016-05-12,VACCINATIONS,5,,,,,,
M8-7852,2016-05-12,VACCINATIONS,5,,,,,,
O8-0027,2016-05-12,VACCINATIONS,5,,,,,,
I2-7926,2016-05-12,VACCINATIONS,5,,,,,,
V2-4634,2016-05-12,VACCINATIONS,5,,,,,,
S4-4013,2016-05-12,VACCINATIONS,5,,,,,,
N7-6805,2016-05-12,VACCINATIONS,5,,,,,,
G0-8531,2016-05-12,ORTHOPEDIC,8,,,,,,
V5-2342,2016-05-12,GROOMING,3,,,,,,
O8-0027,2016-05-12,GROOMING,3,,,,,,
T2-2142,2016-05-12,GROOMING,1,,,,,,
M2-1131,2016-05-12,GROOMING,1,,,,,,
P0-1725,2016-05-13,GENERAL SURGERIES,12,,,,,,
T0-5705,2016-05-14,VACCINATIONS,5,,,,,,
I2-7926,2016-05-14,VACCINATIONS,5,,,,,,
X8-9212,2016-05-14,VACCINATIONS,5,,,,,,
J2-4382,2016-05-14,ORTHOPEDIC,1,,,,,,
O1-7229,2016-05-14,GROOMING,3,,,,,,
L2-1834,2016-05-14,GROOMING,3,,,,,,
R3-7551,2016-05-15,VACCINATIONS,5,,,,,,
L4-9973,2016-05-15,VACCINATIONS,5,,,,,,
Q9-1565,2016-05-15,VACCINATIONS,5,,,,,,
R7-4835,2016-05-15,VACCINATIONS,5,,,,,,
N0-9539,2016-05-15,VACCINATIONS,5,,,,,,
P7-2443,2016-05-15,GENERAL SURGERIES,15,,,,,,
P2-7342,2016-05-15,ORTHOPEDIC,8,,,,,,
R7-4835,2016-05-15,VACCINATIONS,6,,,,,,
V7-6771,2016-05-15,GROOMING,3,,,,,,
L4-4205,2016-05-15,GROOMING,3,,,,,,
O3-1895,2016-05-15,GROOMING,1,,,,,,
J2-4382,2016-05-16,OFFICE FEES,1,,,,,,
O3-1895,2016-05-16,GENERAL SURGERIES,3,,,,,,
Q8-8753,2016-05-17,VACCINATIONS,5,,,,,,
P0-1725,2016-05-17,VACCINATIONS,5,,,,,,
P0-1725,2016-05-17,VACCINATIONS,5,,,,,,
Q8-3145,2016-05-17,GROOMING,3,,,,,,
S5-5938,2016-05-18,VACCINATIONS,3,,,,,,
L2-1834,2016-05-18,VACCINATIONS,5,,,,,,
S4-4013,2016-05-18,VACCINATIONS,2,,,,,,
S4-4013,2016-05-19,VACCINATIONS,5,,,,,,
J2-4382,2016-05-19,VACCINATIONS,5,,,,,,
M4-9675,2016-05-19,VACCINATIONS,5,,,,,,
U8-6473,2016-05-20,GROOMING,3,,,,,,
S4-0789,2016-05-20,GENERAL SURGERIES,3,,,,,,
Q9-1565,2016-05-21,VACCINATIONS,5,,,,,,
H2-8586,2016-05-21,VACCINATIONS,5,,,,,,
L4-6292,2016-05-21,GROOMING,1,,,,,,
V4-6172,2016-05-21,GROOMING,1,,,,,,
G4-8096,2016-05-22,VACCINATIONS,5,,,,,,
U4-6674,2016-05-22,VACCINATIONS,5,,,,,,
U0-5987,2016-05-22,VACCINATIONS,5,,,,,,
O3-1895,2016-05-22,GENERAL SURGERIES,5,,,,,,
J8-7429,2016-05-22,GENERAL SURGERIES,16,,,,,,
T0-3277,2016-05-22,OFFICE FEES,2,,,,,,
Q0-8904,2016-05-22,GROOMING,3,,,,,,
L4-4030,2016-05-22,GROOMING,3,,,,,,
T0-3277,2016-05-22,GROOMING,3,,,,,,
F1-1855,2016-05-23,VACCINATIONS,5,,,,,,
O6-3123,2016-05-24,VACCINATIONS,3,,,,,,
W8-5750,2016-05-24,VACCINATIONS,5,,,,,,
N7-6805,2016-05-24,VACCINATIONS,5,,,,,,
L8-0046,2016-05-24,VACCINATIONS,5,,,,,,
M8-7852,2016-05-24,VACCINATIONS,5,,,,,,
S4-9578,2016-05-24,VACCINATIONS,5,,,,,,
O3-1895,2016-05-24,VACCINATIONS,5,,,,,,
M8-7852,2016-05-24,VACCINATIONS,5,,,,,,
L4-2594,2016-05-24,VACCINATIONS,5,,,,,,
V5-2342,2016-05-24,VACCINATIONS,5,,,,,,
G4-8096,2016-05-24,VACCINATIONS,5,,,,,,
K0-8177,2016-05-24,GENERAL SURGERIES,17,,,,,,
K4-5012,2016-05-24,GROOMING,1,,,,,,
J8-7429,2016-05-24,GROOMING,1,,,,,,
P0-1725,2016-05-24,GENERAL SURGERIES,3,,,,,,
W9-8307,2016-05-25,VACCINATIONS,2,,,,,,
X7-2632,2016-05-25,VACCINATIONS,5,,,,,,
X6-4876,2016-05-25,VACCINATIONS,5,,,,,,
P7-2443,2016-05-25,VACCINATIONS,5,,,,,,
P9-6519,2016-05-25,VACCINATIONS,5,,,,,,
Z8-4419,2016-05-25,GENERAL SURGERIES,9,,,,,,
T2-2142,2016-05-25,GROOMING,3,,,,,,
U6-4890,2016-05-25,GROOMING,3,,,,,,
I5-4893,2016-05-25,GROOMING,3,,,,,,
S4-1063,2016-05-26,GENERAL SURGERIES,10,,,,,,
S4-0789,2016-05-26,VACCINATIONS,5,,,,,,
K4-5012,2016-05-26,GENERAL SURGERIES,13,,,,,,
S4-1063,2016-05-27,VACCINATIONS,5,,,,,,
V7-6771,2016-05-27,ORTHOPEDIC,9,,,,,,
V5-2342,2016-05-27,GENERAL SURGERIES,10,,,,,,
J2-4382,2016-05-28,GENERAL SURGERIES,18,,,,,,
P2-7342,2016-05-28,VACCINATIONS,1,,,,,,
Q8-3145,2016-05-28,VACCINATIONS,6,,,,,,
U4-5113,2016-05-28,VACCINATIONS,5,,,,,,
L4-6292,2016-05-28,VACCINATIONS,5,,,,,,
M8-7852,2016-05-28,VACCINATIONS,5,,,,,,
S4-4013,2016-05-28,VACCINATIONS,5,,,,,,
Q0-8904,2016-05-28,VACCINATIONS,5,,,,,,
J0-7893,2016-05-28,VACCINATIONS,5,,,,,,
N8-0553,2016-05-28,VACCINATIONS,5,,,,,,
T8-1754,2016-05-28,VACCINATIONS,5,,,,,,
O8-0027,2016-05-28,VACCINATIONS,5,,,,,,
H8-1429,2016-05-28,VACCINATIONS,5,,,,,,
P0-1725,2016-05-28,VACCINATIONS,5,,,,,,
U2-4205,2016-05-28,GENERAL SURGERIES,11,,,,,,
V7-6771,2016-05-28,ORTHOPEDIC,2,,,,,,
M8-7852,2016-05-28,VACCINATIONS,1,,,,,,
U4-9376,2016-05-28,ORTHOPEDIC,2,,,,,,
U0-5987,2016-05-28,GENERAL SURGERIES,4,,,,,,
N8-0553,2016-05-28,GROOMING,2,,,,,,
T0-3277,2016-05-28,VACCINATIONS,1,,,,,,
P9-6519,2016-05-28,GENERAL SURGERIES,11,,,,,,
H8-8856,2016-05-28,GROOMING,3,,,,,,
U2-4205,2016-05-28,GROOMING,1,,,,,,
T0-5705,2016-05-28,GROOMING,1,,,,,,
U2-7207,2016-05-29,VACCINATIONS,6,,,,,,
L4-4205,2016-05-29,VACCINATIONS,5,,,,,,
Q2-3642,2016-05-29,VACCINATIONS,5,,,,,,
N7-6805,2016-05-30,VACCINATIONS,5,,,,,,
X0-8765,2016-05-30,VACCINATIONS,5,,,,,,
G6-6501,2016-05-30,VACCINATIONS,5,,,,,,
J2-3320,2016-05-30,VACCINATIONS,5,,,,,,
J0-7893,2016-05-30,VACCINATIONS,5,,,,,,
Z6-3226,2016-05-30,VACCINATIONS,5,,,,,,
L8-0046,2016-05-30,VACCINATIONS,5,,,,,,
O8-2501,2016-05-30,VACCINATIONS,5,,,,,,
J1-6366,2016-05-30,VACCINATIONS,5,,,,,,
O5-2472,2016-05-30,GROOMING,1,,,,,,
J1-6366,2016-05-31,GROOMING,1,,,,,,
U2-7207,2016-06-01,VACCINATIONS,5,,,,,,
H8-8856,2016-06-01,VACCINATIONS,5,,,,,,
U2-4205,2016-06-01,GENERAL SURGERIES,17,,,,,,
U6-4890,2016-06-01,GROOMING,3,,,,,,
U6-4890,2016-06-01,GROOMING,1,,,,,,
P1-2578,2016-06-01,GENERAL SURGERIES,3,,,,,,
G0-8531,2016-06-02,VACCINATIONS,5,,,,,,
V5-2342,2016-06-02,VACCINATIONS,5,,,,,,
Q8-0954,2016-06-02,VACCINATIONS,5,,,,,,
G0-8531,2016-06-02,VACCINATIONS,5,,,,,,
O1-7229,2016-06-02,VACCINATIONS,5,,,,,,
Q8-0954,2016-06-02,VACCINATIONS,5,,,,,,
X8-8611,2016-06-02,VACCINATIONS,5,,,,,,
U0-5987,2016-06-02,VACCINATIONS,5,,,,,,
M4-9675,2016-06-02,VACCINATIONS,5,,,,,,
N8-0553,2016-06-02,VACCINATIONS,5,,,,,,
V4-6172,2016-06-02,VACCINATIONS,5,,,,,,
G0-8531,2016-06-02,VACCINATIONS,5,,,,,,
Q0-3593,2016-06-02,VACCINATIONS,5,,,,,,
S4-9578,2016-06-02,ORTHOPEDIC,7,,,,,,
G9-0817,2016-06-02,ORTHOPEDIC,4,,,,,,
Z4-5652,2016-06-02,VACCINATIONS,6,,,,,,
Q8-0954,2016-06-02,GROOMING,3,,,,,,
Z4-4045,2016-06-02,GROOMING,1,,,,,,
Q0-2001,2016-06-02,GENERAL SURGERIES,3,,,,,,
G0-8531,2016-06-03,VACCINATIONS,5,,,,,,
P9-3625,2016-06-04,VACCINATIONS,5,,,,,,
T8-1754,2016-06-04,VACCINATIONS,5,,,,,,
P9-6519,2016-06-04,VACCINATIONS,5,,,,,,
Z4-4045,2016-06-04,VACCINATIONS,5,,,,,,
P9-3625,2016-06-04,ORTHOPEDIC,6,,,,,,
Q0-2001,2016-06-04,GROOMING,1,,,,,,
H8-8856,2016-06-05,VACCINATIONS,5,,,,,,
V5-2342,2016-06-06,VACCINATIONS,5,,,,,,
K4-5012,2016-06-06,VACCINATIONS,5,,,,,,
X7-2632,2016-06-07,ORTHOPEDIC,3,,,,,,
U4-5113,2016-06-07,GROOMING,1,,,,,,
U4-9376,2016-06-08,VACCINATIONS,5,,,,,,
L4-9973,2016-06-08,VACCINATIONS,5,,,,,,
F1-1855,2016-06-08,GENERAL SURGERIES,1,,,,,,
X8-9212,2016-06-08,VACCINATIONS,3,,,,,,
H2-8586,2016-06-08,GROOMING,1,,,,,,
P0-1725,2016-06-09,VACCINATIONS,5,,,,,,
J2-4382,2016-06-10,GENERAL SURGERIES,12,,,,,,
S4-4013,2016-06-10,VACCINATIONS,5,,,,,,
S4-0789,2016-06-10,VACCINATIONS,5,,,,,,
W7-6372,2016-06-10,GROOMING,3,,,,,,
K0-8177,2016-06-11,VACCINATIONS,5,,,,,,
X8-8611,2016-06-11,GENERAL SURGERIES,11,,,,,,
K4-5012,2016-06-11,GROOMING,1,,,,,,
Q0-8904,2016-06-12,VACCINATIONS,5,,,,,,
G6-6501,2016-06-12,VACCINATIONS,5,,,,,,
S5-5938,2016-06-13,GROOMING,1,,,,,,
W7-6372,2016-06-13,GROOMING,1,,,,,,
T0-3277,2016-06-14,VACCINATIONS,5,,,,,,
P9-6519,2016-06-14,VACCINATIONS,5,,,,,,
Q8-0954,2016-06-14,ORTHOPEDIC,8,,,,,,
U6-4890,2016-06-15,VACCINATIONS,5,,,,,,
U6-4890,2016-06-15,VACCINATIONS,5,,,,,,
L4-6292,2016-06-15,VACCINATIONS,4,,,,,,
R7-4835,2016-06-16,VACCINATIONS,5,,,,,,
Z6-3226,2016-06-16,VACCINATIONS,5,,,,,,
R7-4835,2016-06-17,VACCINATIONS,5,,,,,,
T0-5705,2016-06-17,VACCINATIONS,5,,,,,,
L4-6292,2016-06-17,GENERAL SURGERIES,2,,,,,,
S4-4013,2016-06-17,GROOMING,3,,,,,,
I5-4893,2016-06-17,GROOMING,1,,,,,,
U8-6473,2016-06-18,GROOMING,3,,,,,,
Z4-4045,2016-06-18,GROOMING,1,,,,,,
G0-7675,2016-06-19,GENERAL SURGERIES,2,,,,,,
L4-6292,2016-06-19,GROOMING,3,,,,,,
O5-2472,2016-06-20,VACCINATIONS,5,,,,,,
Q8-3145,2016-06-20,VACCINATIONS,5,,,,,,
S4-4013,2016-06-20,GROOMING,3,,,,,,
X0-8765,2016-06-20,GROOMING,1,,,,,,
S1-2243,2016-06-21,VACCINATIONS,5,,,,,,
O8-0027,2016-06-21,VACCINATIONS,5,,,,,,
Q8-8753,2016-06-21,VACCINATIONS,5,,,,,,
W8-5750,2016-06-21,ORTHOPEDIC,3,,,,,,
L2-1834,2016-06-21,GROOMING,1,,,,,,
V2-4634,2016-06-22,VACCINATIONS,5,,,,,,
V5-2342,2016-06-22,OFFICE FEES,1,,,,,,
W8-5750,2016-06-23,VACCINATIONS,5,,,,,,
Q0-2001,2016-06-23,VACCINATIONS,5,,,,,,
L4-2594,2016-06-23,VACCINATIONS,5,,,,,,
S4-0789,2016-06-23,VACCINATIONS,5,,,,,,
V7-6771,2016-06-23,VACCINATIONS,5,,,,,,
Z4-4045,2016-06-23,GENERAL SURGERIES,7,,,,,,
S4-1063,2016-06-23,GROOMING,3,,,,,,
W9-8307,2016-06-23,GROOMING,1,,,,,,
H8-1429,2016-06-24,VACCINATIONS,5,,,,,,
V2-4634,2016-06-24,ORTHOPEDIC,6,,,,,,
V7-6771,2016-06-25,OFFICE FEES,2,,,,,,
U0-5987,2016-06-25,GENERAL SURGERIES,11,,,,,,
T2-2142,2016-06-25,VACCINATIONS,5,,,,,,
Z4-5652,2016-06-25,VACCINATIONS,5,,,,,,
R7-4835,2016-06-25,VACCINATIONS,5,,,,,,
R7-4835,2016-06-25,VACCINATIONS,5,,,,,,
H2-8586,2016-06-25,VACCINATIONS,5,,,,,,
G9-0817,2016-06-25,VACCINATIONS,5,,,,,,
P1-2578,2016-06-25,VACCINATIONS,5,,,,,,
M2-1131,2016-06-25,VACCINATIONS,5,,,,,,
I5-4893,2016-06-25,VACCINATIONS,5,,,,,,
M8-7852,2016-06-25,VACCINATIONS,4,,,,,,
U4-9376,2016-06-25,VACCINATIONS,5,,,,,,
X0-8765,2016-06-25,GENERAL SURGERIES,11,,,,,,
V2-4634,2016-06-25,GROOMING,3,,,,,,
F2-3235,2016-06-26,VACCINATIONS,5,,,,,,
O5-2472,2016-06-26,VACCINATIONS,5,,,,,,
L8-0046,2016-06-26,VACCINATIONS,5,,,,,,
L4-9973,2016-06-26,VACCINATIONS,5,,,,,,
U4-9376,2016-06-26,VACCINATIONS,5,,,,,,
T0-3277,2016-06-26,VACCINATIONS,5,,,,,,
G0-8531,2016-06-26,GENERAL SURGERIES,6,,,,,,
U4-5113,2016-06-26,GENERAL SURGERIES,17,,,,,,
X6-4876,2016-06-26,GROOMING,3,,,,,,
Q5-5872,2016-06-26,GROOMING,3,,,,,,
R3-7551,2016-06-26,GROOMING,1,,,,,,
L0-6660,2016-06-26,GROOMING,1,,,,,,
X8-9212,2016-06-27,ORTHOPEDIC,4,,,,,,
F1-1855,2016-06-27,VACCINATIONS,5,,,,,,
Q8-0954,2016-06-27,VACCINATIONS,5,,,,,,
L4-2594,2016-06-27,VACCINATIONS,5,,,,,,
S4-4013,2016-06-27,VACCINATIONS,5,,,,,,
G0-7675,2016-06-27,GENERAL SURGERIES,4,,,,,,
W9-8307,2016-06-27,GENERAL SURGERIES,11,,,,,,
X7-2632,2016-06-27,GROOMING,1,,,,,,
J0-7893,2016-06-28,VACCINATIONS,5,,,,,,
R4-6131,2016-06-28,GENERAL SURGERIES,5,,,,,,
S4-9578,2016-06-28,GROOMING,1,,,,,,
L4-9973,2016-06-29,VACCINATIONS,5,,,,,,
Q5-5872,2016-06-29,VACCINATIONS,5,,,,,,
P1-2578,2016-06-29,VACCINATIONS,5,,,,,,
H2-8586,2016-06-29,VACCINATIONS,5,,,,,,
G9-0817,2016-06-29,VACCINATIONS,5,,,,,,
L0-6660,2016-06-29,VACCINATIONS,5,,,,,,
L8-9022,2016-06-29,GROOMING,1,,,,,,
H2-8586,2016-06-29,GROOMING,1,,,,,,
S1-2243,2016-06-29,GROOMING,1,,,,,,
I7-9550,2016-06-29,GENERAL SURGERIES,3,,,,,,
X8-8611,2016-06-29,GENERAL SURGERIES,3,,,,,,
N7-6805,2016-06-30,VACCINATIONS,5,,,,,,
U4-5113,2016-06-30,VACCINATIONS,5,,,,,,
W7-6372,2016-06-30,VACCINATIONS,5,,,,,,
I6-9459,2016-06-30,VACCINATIONS,5,,,,,,
T0-3277,2016-06-30,GROOMING,3,,,,,,
L4-6292,2016-06-30,GROOMING,3,,,,,,
G6-6501,2016-07-01,VACCINATIONS,5,,,,,,
U4-6674,2016-07-01,VACCINATIONS,5,,,,,,
J0-7893,2016-07-01,VACCINATIONS,5,,,,,,
S5-5938,2016-07-01,VACCINATIONS,5,,,,,,
Q8-8753,2016-07-01,VACCINATIONS,5,,,,,,
U8-6473,2016-07-01,VACCINATIONS,5,,,,,,
P9-6519,2016-07-01,VACCINATIONS,5,,,,,,
P2-7342,2016-07-01,GENERAL SURGERIES,14,,,,,,
F1-1855,2016-07-01,GROOMING,3,,,,,,
Q0-8904,2016-07-01,GROOMING,3,,,,,,
P9-3625,2016-07-01,GROOMING,1,,,,,,
N8-0553,2016-07-01,GROOMING,1,,,,,,
N8-0553,2016-07-01,GROOMING,1,,,,,,
L4-4205,2016-07-02,VACCINATIONS,5,,,,,,
R4-6131,2016-07-02,VACCINATIONS,5,,,,,,
U2-4205,2016-07-02,VACCINATIONS,5,,,,,,
H2-8586,2016-07-02,VACCINATIONS,5,,,,,,
Z4-5652,2016-07-02,VACCINATIONS,5,,,,,,
J8-7429,2016-07-02,VACCINATIONS,5,,,,,,
M2-1131,2016-07-02,GROOMING,3,,,,,,
Z8-4419,2016-07-03,GENERAL SURGERIES,10,,,,,,
G9-0817,2016-07-04,VACCINATIONS,4,,,,,,
V4-6172,2016-07-04,VACCINATIONS,5,,,,,,
J2-3320,2016-07-04,VACCINATIONS,5,,,,,,
Q0-2001,2016-07-04,VACCINATIONS,5,,,,,,
Q8-0954,2016-07-04,VACCINATIONS,5,,,,,,
Z4-5652,2016-07-04,VACCINATIONS,5,,,,,,
S4-9578,2016-07-04,VACCINATIONS,5,,,,,,
Z4-4045,2016-07-04,VACCINATIONS,5,,,,,,
P9-3625,2016-07-04,VACCINATIONS,5,,,,,,
H8-8856,2016-07-04,VACCINATIONS,2,,,,,,
M2-1131,2016-07-04,GROOMING,3,,,,,,
I5-4893,2016-07-04,GENERAL SURGERIES,3,,,,,,
U2-7207,2016-07-05,VACCINATIONS,5,,,,,,
O8-0027,2016-07-05,VACCINATIONS,5,,,,,,
V4-6172,2016-07-05,VACCINATIONS,5,,,,,,
X0-8765,2016-07-05,VACCINATIONS,5,,,,,,
Q9-1565,2016-07-05,VACCINATIONS,5,,,,,,
V7-6771,2016-07-05,VACCINATIONS,5,,,,,,
N8-0553,2016-07-06,GENERAL SURGERIES,12,,,,,,
F6-5391,2016-07-06,GENERAL SURGERIES,4,,,,,,
L4-6292,2016-07-06,GENERAL SURGERIES,9,,,,,,
T0-3277,2016-07-06,VACCINATIONS,5,,,,,,
R7-4835,2016-07-06,VACCINATIONS,5,,,,,,
G0-8531,2016-07-06,VACCINATIONS,5,,,,,,
I7-9550,2016-07-06,VACCINATIONS,5,,,,,,
G9-0817,2016-07-06,VACCINATIONS,5,,,,,,
V2-4634,2016-07-06,VACCINATIONS,5,,,,,,
L8-0046,2016-07-06,VACCINATIONS,5,,,,,,
J8-7429,2016-07-06,VACCINATIONS,5,,,,,,
W9-8307,2016-07-06,VACCINATIONS,5,,,,,,
X7-2632,2016-07-06,VACCINATIONS,5,,,,,,
F1-1855,2016-07-06,VACCINATIONS,5,,,,,,
H2-8586,2016-07-06,VACCINATIONS,5,,,,,,
J0-7893,2016-07-06,VACCINATIONS,5,,,,,,
N7-6805,2016-07-06,VACCINATIONS,5,,,,,,
Z4-4045,2016-07-06,VACCINATIONS,5,,,,,,
Z4-4045,2016-07-06,VACCINATIONS,5,,,,,,
O3-1895,2016-07-06,VACCINATIONS,5,,,,,,
L8-0046,2016-07-06,GENERAL SURGERIES,9,,,,,,
O3-1895,2016-07-06,GROOMING,1,,,,,,
L4-2594,2016-07-06,GROOMING,3,,,,,,
U6-4890,2016-07-06,GROOMING,3,,,,,,
Q5-5872,2016-07-06,GROOMING,3,,,,,,
L2-1834,2016-07-06,GROOMING,3,,,,,,
U4-5113,2016-07-06,GENERAL SURGERIES,3,,,,,,
U4-6674,2016-07-07,VACCINATIONS,5,,,,,,
R4-6131,2016-07-07,VACCINATIONS,5,,,,,,
J0-7893,2016-07-08,VACCINATIONS,5,,,,,,
S4-0789,2016-07-08,VACCINATIONS,5,,,,,,
S4-4013,2016-07-09,VACCINATIONS,5,,,,,,
O6-3123,2016-07-09,VACCINATIONS,5,,,,,,
O8-0027,2016-07-10,VACCINATIONS,5,,,,,,
J2-4382,2016-07-10,VACCINATIONS,5,,,,,,
F6-5391,2016-07-10,VACCINATIONS,5,,,,,,
O5-2472,2016-07-10,VACCINATIONS,5,,,,,,
R3-7551,2016-07-10,VACCINATIONS,5,,,,,,
Q5-5872,2016-07-10,VACCINATIONS,5,,,,,,
Q8-3145,2016-07-10,VACCINATIONS,5,,,,,,
U4-6674,2016-07-10,ORTHOPEDIC,6,,,,,,
M2-1131,2016-07-10,GENERAL SURGERIES,13,,,,,,
L0-6660,2016-07-10,GENERAL SURGERIES,5,,,,,,
G6-6501,2016-07-10,GROOMING,3,,,,,,
P1-2578,2016-07-10,GROOMING,1,,,,,,
X8-9212,2016-07-11,VACCINATIONS,5,,,,,,
G9-0817,2016-07-11,VACCINATIONS,5,,,,,,
I2-7926,2016-07-11,VACCINATIONS,5,,,,,,
W7-6372,2016-07-11,VACCINATIONS,5,,,,,,
O8-0027,2016-07-11,GENERAL SURGERIES,3,,,,,,
P9-3625,2016-07-11,GENERAL SURGERIES,17,,,,,,
U2-4205,2016-07-12,VACCINATIONS,5,,,,,,
N6-7350,2016-07-12,VACCINATIONS,5,,,,,,
X8-8611,2016-07-12,GROOMING,3,,,,,,
J8-7429,2016-07-12,GROOMING,3,,,,,,
X0-8765,2016-07-12,GROOMING,1,,,,,,
L8-0046,2016-07-13,VACCINATIONS,5,,,,,,
P7-2443,2016-07-13,VACCINATIONS,5,,,,,,
O5-2472,2016-07-13,VACCINATIONS,5,,,,,,
V2-4634,2016-07-13,VACCINATIONS,5,,,,,,
P7-2443,2016-07-13,VACCINATIONS,5,,,,,,
Q0-2001,2016-07-13,GROOMING,3,,,,,,
M8-7852,2016-07-13,GROOMING,1,,,,,,
V4-6172,2016-07-13,GROOMING,1,,,,,,
O5-2472,2016-07-14,VACCINATIONS,5,,,,,,
U2-4205,2016-07-15,VACCINATIONS,5,,,,,,
U6-4890,2016-07-15,VACCINATIONS,5,,,,,,
S1-2243,2016-07-15,VACCINATIONS,5,,,,,,
P7-2443,2016-07-15,GROOMING,3,,,,,,
P9-6519,2016-07-15,GROOMING,3,,,,,,
J8-7429,2016-07-15,GROOMING,3,,,,,,
R3-7551,2016-07-15,GROOMING,1,,,,,,
P9-3625,2016-07-16,GENERAL SURGERIES,16,,,,,,
X6-4876,2016-07-16,VACCINATIONS,5,,,,,,
L4-2594,2016-07-16,VACCINATIONS,5,,,,,,
T0-3277,2016-07-16,VACCINATIONS,5,,,,,,
L4-2594,2016-07-16,VACCINATIONS,5,,,,,,
L4-4205,2016-07-16,VACCINATIONS,5,,,,,,
X7-2632,2016-07-16,VACCINATIONS,5,,,,,,
O1-7229,2016-07-16,VACCINATIONS,5,,,,,,
V4-6172,2016-07-16,VACCINATIONS,5,,,,,,
G0-7675,2016-07-16,VACCINATIONS,5,,,,,,
Z4-5652,2016-07-16,VACCINATIONS,5,,,,,,
O6-3123,2016-07-16,VACCINATIONS,5,,,,,,
O1-7229,2016-07-16,VACCINATIONS,5,,,,,,
P2-7342,2016-07-16,ORTHOPEDIC,1,,,,,,
L2-1834,2016-07-16,GENERAL SURGERIES,10,,,,,,
J1-6366,2016-07-16,GENERAL SURGERIES,18,,,,,,
U2-4205,2016-07-16,GROOMING,3,,,,,,
S1-2243,2016-07-16,GROOMING,3,,,,,,
Z8-4419,2016-07-16,GENERAL SURGERIES,3,,,,,,
L2-1834,2016-07-17,VACCINATIONS,5,,,,,,
F6-5391,2016-07-17,VACCINATIONS,5,,,,,,
N8-0553,2016-07-17,VACCINATIONS,5,,,,,,
S4-0789,2016-07-17,VACCINATIONS,5,,,,,,
U6-4890,2016-07-17,GROOMING,2,,,,,,
N7-6805,2016-07-17,HOSPITALIZATION,1,,,,,,
H8-8856,2016-07-17,GROOMING,1,,,,,,
J8-7429,2016-07-18,VACCINATIONS,5,,,,,,
W8-5750,2016-07-18,VACCINATIONS,5,,,,,,
W9-8307,2016-07-18,VACCINATIONS,5,,,,,,
X0-8765,2016-07-18,VACCINATIONS,5,,,,,,
S4-0789,2016-07-18,VACCINATIONS,5,,,,,,
T0-3277,2016-07-18,GROOMING,1,,,,,,
J1-6366,2016-07-18,GROOMING,1,,,,,,
G0-8531,2016-07-18,GROOMING,1,,,,,,
W9-8307,2016-07-19,VACCINATIONS,5,,,,,,
G4-8096,2016-07-20,VACCINATIONS,1,,,,,,
H2-8586,2016-07-20,VACCINATIONS,5,,,,,,
M0-2904,2016-07-20,VACCINATIONS,5,,,,,,
Z4-4045,2016-07-20,VACCINATIONS,5,,,,,,
O8-0027,2016-07-20,VACCINATIONS,5,,,,,,
Q8-3145,2016-07-20,ORTHOPEDIC,7,,,,,,
Q9-1565,2016-07-20,GROOMING,1,,,,,,
X7-2632,2016-07-21,VACCINATIONS,5,,,,,,
K4-5012,2016-07-21,VACCINATIONS,5,,,,,,
W9-8307,2016-07-21,VACCINATIONS,5,,,,,,
T8-1754,2016-07-21,VACCINATIONS,5,,,,,,
Q5-5872,2016-07-21,VACCINATIONS,5,,,,,,
Q0-2001,2016-07-21,VACCINATIONS,5,,,,,,
Q0-2001,2016-07-21,VACCINATIONS,5,,,,,,
Z4-4045,2016-07-21,VACCINATIONS,5,,,,,,
R7-4835,2016-07-21,VACCINATIONS,5,,,,,,
M4-9675,2016-07-21,VACCINATIONS,5,,,,,,
F2-3235,2016-07-21,VACCINATIONS,5,,,,,,
I2-7926,2016-07-21,VACCINATIONS,5,,,,,,
O3-1895,2016-07-21,ORTHOPEDIC,8,,,,,,
S4-4013,2016-07-21,VACCINATIONS,4,,,,,,
Q0-2001,2016-07-21,ORTHOPEDIC,9,,,,,,
F2-3235,2016-07-21,GROOMING,3,,,,,,
J0-7893,2016-07-21,GROOMING,1,,,,,,
V7-6771,2016-07-22,OFFICE FEES,3,,,,,,
O1-7229,2016-07-22,VACCINATIONS,5,,,,,,
Q8-3145,2016-07-22,VACCINATIONS,5,,,,,,
V2-4634,2016-07-22,VACCINATIONS,5,,,,,,
T0-5705,2016-07-22,VACCINATIONS,5,,,,,,
O8-2501,2016-07-22,VACCINATIONS,5,,,,,,
R7-4835,2016-07-22,VACCINATIONS,5,,,,,,
Q8-3145,2016-07-22,VACCINATIONS,5,,,,,,
J8-7429,2016-07-22,VACCINATIONS,4,,,,,,
G4-8096,2016-07-22,GROOMING,3,,,,,,
M8-7852,2016-07-22,GENERAL SURGERIES,3,,,,,,
I5-4893,2016-07-23,VACCINATIONS,2,,,,,,
J2-3320,2016-07-23,GROOMING,3,,,,,,
J2-4382,2016-07-24,GENERAL SURGERIES,18,,,,,,
M8-7852,2016-07-25,VACCINATIONS,5,,,,,,
U6-4890,2016-07-25,VACCINATIONS,5,,,,,,
L4-4205,2016-07-25,VACCINATIONS,5,,,,,,
U0-5987,2016-07-25,OFFICE FEES,1,,,,,,
U4-6674,2016-07-25,GROOMING,3,,,,,,
X0-8765,2016-07-25,GROOMING,3,,,,,,
G0-7675,2016-07-26,VACCINATIONS,5,,,,,,
J1-6366,2016-07-26,GENERAL SURGERIES,2,,,,,,
O6-3123,2016-07-26,GROOMING,1,,,,,,
U4-5113,2016-07-27,VACCINATIONS,4,,,,,,
N7-6805,2016-07-28,GENERAL SURGERIES,6,,,,,,
X8-8611,2016-07-28,VACCINATIONS,5,,,,,,
J2-3320,2016-07-28,VACCINATIONS,5,,,,,,
F1-1855,2016-07-28,VACCINATIONS,5,,,,,,
I5-4893,2016-07-28,VACCINATIONS,5,,,,,,
L8-0046,2016-07-28,VACCINATIONS,5,,,,,,
Q0-8904,2016-07-28,VACCINATIONS,5,,,,,,
N7-6805,2016-07-28,VACCINATIONS,5,,,,,,
L0-6660,2016-07-28,ORTHOPEDIC,2,,,,,,
L4-2594,2016-07-28,GROOMING,3,,,,,,
X6-4876,2016-07-28,GROOMING,1,,,,,,
M0-2904,2016-07-28,GROOMING,1,,,,,,
O8-2501,2016-07-29,GENERAL SURGERIES,3,,,,,,
H2-8586,2016-07-30,VACCINATIONS,5,,,,,,
N8-0553,2016-07-30,VACCINATIONS,5,,,,,,
S4-2254,2016-07-30,VACCINATIONS,5,,,,,,
G0-8531,2016-07-30,VACCINATIONS,5,,,,,,
P9-6519,2016-07-30,VACCINATIONS,5,,,,,,
S4-9578,2016-07-30,VACCINATIONS,5,,,,,,
P1-2578,2016-07-30,VACCINATIONS,5,,,,,,
Q2-3642,2016-07-30,VACCINATIONS,5,,,,,,
X8-9212,2016-07-30,VACCINATIONS,5,,,,,,
Q0-2001,2016-07-30,VACCINATIONS,5,,,,,,
U0-5987,2016-07-30,VACCINATIONS,5,,,,,,
N6-7350,2016-07-30,VACCINATIONS,5,,,,,,
U4-5113,2016-07-30,GROOMING,1,,,,,,
L8-0046,2016-07-31,VACCINATIONS,5,,,,,,
J8-7429,2016-07-31,VACCINATIONS,3,,,,,,
U2-4205,2016-07-31,ORTHOPEDIC,9,,,,,,
X8-9212,2016-07-31,GROOMING,3,,,,,,
V7-6771,2016-08-01,VACCINATIONS,5,,,,,,
V7-6771,2016-08-01,VACCINATIONS,5,,,,,,
P2-7342,2016-08-01,VACCINATIONS,5,,,,,,
U2-7207,2016-08-01,VACCINATIONS,5,,,,,,
N0-9539,2016-08-01,VACCINATIONS,5,,,,,,
V7-6771,2016-08-01,VACCINATIONS,5,,,,,,
M2-1131,2016-08-01,VACCINATIONS,5,,,,,,
V4-6172,2016-08-01,ORTHOPEDIC,7,,,,,,
O6-3123,2016-08-01,GROOMING,1,,,,,,
J1-6366,2016-08-01,GROOMING,1,,,,,,
L8-9022,2016-08-01,GENERAL SURGERIES,3,,,,,,
Q8-0954,2016-08-01,GENERAL SURGERIES,3,,,,,,
W8-5750,2016-08-02,VACCINATIONS,2,,,,,,
M2-1131,2016-08-02,VACCINATIONS,5,,,,,,
N7-6805,2016-08-02,VACCINATIONS,5,,,,,,
U8-6473,2016-08-02,VACCINATIONS,5,,,,,,
S4-1063,2016-08-02,VACCINATIONS,5,,,,,,
O3-1895,2016-08-02,VACCINATIONS,5,,,,,,
Z6-3226,2016-08-02,VACCINATIONS,5,,,,,,
M2-1131,2016-08-02,ORTHOPEDIC,1,,,,,,
S4-2254,2016-08-02,OFFICE FEES,2,,,,,,
J6-8562,2016-08-02,GROOMING,1,,,,,,
P0-1725,2016-08-02,GENERAL SURGERIES,3,,,,,,
O6-3123,2016-08-03,VACCINATIONS,5,,,,,,
O1-7229,2016-08-03,VACCINATIONS,5,,,,,,
Q2-3642,2016-08-03,VACCINATIONS,5,,,,,,
W9-8307,2016-08-03,VACCINATIONS,5,,,,,,
I5-4893,2016-08-03,VACCINATIONS,5,,,,,,
H8-1429,2016-08-03,VACCINATIONS,5,,,,,,
J0-7893,2016-08-03,GROOMING,3,,,,,,
Q8-3145,2016-08-03,ORTHOPEDIC,8,,,,,,
Q8-3145,2016-08-03,GROOMING,3,,,,,,
N7-6805,2016-08-04,VACCINATIONS,5,,,,,,
X8-9212,2016-08-04,VACCINATIONS,5,,,,,,
U4-9376,2016-08-04,GROOMING,3,,,,,,
W9-8307,2016-08-05,VACCINATIONS,5,,,,,,
Z4-4045,2016-08-06,VACCINATIONS,5,,,,,,
G6-6501,2016-08-06,VACCINATIONS,5,,,,,,
J6-8562,2016-08-06,VACCINATIONS,5,,,,,,
U2-7207,2016-08-06,VACCINATIONS,5,,,,,,
J2-3320,2016-08-06,VACCINATIONS,5,,,,,,
M2-1131,2016-08-06,GENERAL SURGERIES,13,,,,,,
X7-2632,2016-08-07,GROOMING,3,,,,,,
S4-2254,2016-08-08,ORTHOPEDIC,7,,,,,,
N0-9539,2016-08-08,VACCINATIONS,5,,,,,,
P1-2578,2016-08-08,VACCINATIONS,5,,,,,,
N8-0553,2016-08-09,ORTHOPEDIC,6,,,,,,
N8-0553,2016-08-09,VACCINATIONS,5,,,,,,
T0-3277,2016-08-09,VACCINATIONS,5,,,,,,
S4-2254,2016-08-09,GENERAL SURGERIES,14,,,,,,
I7-9550,2016-08-09,GROOMING,3,,,,,,
Q8-3145,2016-08-09,GENERAL SURGERIES,3,,,,,,
U2-4205,2016-08-10,VACCINATIONS,4,,,,,,
Z6-3226,2016-08-10,VACCINATIONS,5,,,,,,
N8-0553,2016-08-10,VACCINATIONS,5,,,,,,
O1-7229,2016-08-10,VACCINATIONS,5,,,,,,
O3-1895,2016-08-10,VACCINATIONS,5,,,,,,
M2-1131,2016-08-10,VACCINATIONS,5,,,,,,
M0-2904,2016-08-10,VACCINATIONS,5,,,,,,
Q0-3593,2016-08-10,VACCINATIONS,5,,,,,,
Z6-3226,2016-08-10,GENERAL SURGERIES,4,,,,,,
W9-8307,2016-08-10,ORTHOPEDIC,6,,,,,,
J6-8562,2016-08-10,GROOMING,2,,,,,,
O3-1895,2016-08-10,GENERAL SURGERIES,8,,,,,,
W7-6372,2016-08-10,GROOMING,3,,,,,,
M2-1131,2016-08-10,GROOMING,1,,,,,,
F6-5391,2016-08-11,GENERAL SURGERIES,1,,,,,,
W8-5750,2016-08-12,VACCINATIONS,5,,,,,,
L4-4205,2016-08-12,VACCINATIONS,5,,,,,,
L4-4205,2016-08-12,GROOMING,1,,,,,,
G4-8096,2016-08-12,GROOMING,1,,,,,,
G9-0817,2016-08-13,VACCINATIONS,5,,,,,,
Q9-1565,2016-08-13,VACCINATIONS,5,,,,,,
J0-7893,2016-08-13,VACCINATIONS,5,,,,,,
Q8-8753,2016-08-13,VACCINATIONS,5,,,,,,
J0-7893,2016-08-13,GROOMING,3,,,,,,
L4-4205,2016-08-13,GROOMING,1,,,,,,
V5-2342,2016-08-14,GENERAL SURGERIES,14,,,,,,
Z8-4419,2016-08-14,VACCINATIONS,5,,,,,,
N6-7350,2016-08-14,VACCINATIONS,5,,,,,,
Q5-5872,2016-08-14,VACCINATIONS,5,,,,,,
L4-9973,2016-08-14,VACCINATIONS,5,,,,,,
G6-6501,2016-08-14,VACCINATIONS,5,,,,,,
G9-0817,2016-08-14,VACCINATIONS,5,,,,,,
I2-7926,2016-08-14,VACCINATIONS,5,,,,,,
W9-8307,2016-08-14,GENERAL SURGERIES,18,,,,,,
Q0-8904,2016-08-14,ORTHOPEDIC,2,,,,,,
T0-3277,2016-08-14,GROOMING,3,,,,,,
U6-4890,2016-08-14,ORTHOPEDIC,5,,,,,,
M0-2904,2016-08-14,OFFICE FEES,3,,,,,,
T0-5705,2016-08-14,GROOMING,3,,,,,,
Z4-5652,2016-08-14,GROOMING,1,,,,,,
L4-9973,2016-08-14,GROOMING,1,,,,,,
V5-2342,2016-08-15,GROOMING,1,,,,,,
G9-0817,2016-08-15,GROOMING,1,,,,,,
F1-1855,2016-08-16,VACCINATIONS,5,,,,,,
S4-4013,2016-08-16,VACCINATIONS,5,,,,,,
U2-7207,2016-08-16,VACCINATIONS,5,,,,,,
N7-6805,2016-08-17,VACCINATIONS,5,,,,,,
S4-9578,2016-08-17,VACCINATIONS,5,,,,,,
J6-8562,2016-08-17,VACCINATIONS,5,,,,,,
O5-2472,2016-08-17,VACCINATIONS,5,,,,,,
I2-7926,2016-08-17,VACCINATIONS,5,,,,,,
O8-2501,2016-08-17,GENERAL SURGERIES,18,,,,,,
S4-0789,2016-08-17,VACCINATIONS,3,,,,,,
P9-6519,2016-08-17,ORTHOPEDIC,2,,,,,,
L2-1834,2016-08-17,GROOMING,3,,,,,,
M4-9675,2016-08-17,GROOMING,1,,,,,,
M4-9675,2016-08-18,VACCINATIONS,5,,,,,,
R7-4835,2016-08-19,GROOMING,1,,,,,,
Q8-3145,2016-08-19,GROOMING,1,,,,,,
J0-7893,2016-08-19,GROOMING,1,,,,,,
L0-6660,2016-08-20,VACCINATIONS,5,,,,,,
X8-8611,2016-08-20,VACCINATIONS,5,,,,,,
L0-6660,2016-08-20,VACCINATIONS,5,,,,,,
W9-8307,2016-08-20,VACCINATIONS,5,,,,,,
J2-3320,2016-08-20,VACCINATIONS,5,,,,,,
G9-0817,2016-08-20,GENERAL SURGERIES,7,,,,,,
N0-9539,2016-08-20,GENERAL SURGERIES,13,,,,,,
P9-6519,2016-08-20,GENERAL SURGERIES,12,,,,,,
Q0-3593,2016-08-20,GROOMING,1,,,,,,
H2-8586,2016-08-20,GROOMING,1,,,,,,
S1-2243,2016-08-20,GROOMING,1,,,,,,
L8-9022,2016-08-21,GROOMING,2,,,,,,
R3-7551,2016-08-21,VACCINATIONS,6,,,,,,
N7-6805,2016-08-21,VACCINATIONS,5,,,,,,
Q0-8904,2016-08-21,VACCINATIONS,5,,,,,,
S5-5938,2016-08-21,VACCINATIONS,5,,,,,,
M2-1131,2016-08-21,VACCINATIONS,5,,,,,,
Z4-5652,2016-08-21,VACCINATIONS,5,,,,,,
Q8-3145,2016-08-21,VACCINATIONS,5,,,,,,
V7-6771,2016-08-21,VACCINATIONS,5,,,,,,
Q0-8904,2016-08-21,VACCINATIONS,5,,,,,,
W8-5750,2016-08-21,VACCINATIONS,5,,,,,,
U2-4205,2016-08-21,VACCINATIONS,5,,,,,,
U2-7207,2016-08-21,VACCINATIONS,5,,,,,,
X0-8765,2016-08-21,VACCINATIONS,5,,,,,,
V5-2342,2016-08-21,OFFICE FEES,1,,,,,,
J8-7429,2016-08-21,GENERAL SURGERIES,1,,,,,,
U6-4890,2016-08-21,GENERAL SURGERIES,8,,,,,,
I6-9459,2016-08-21,GROOMING,1,,,,,,
P0-1725,2016-08-21,GROOMING,1,,,,,,
X7-2632,2016-08-21,GROOMING,1,,,,,,
I2-7926,2016-08-21,GROOMING,1,,,,,,
M4-9675,2016-08-22,VACCINATIONS,5,,,,,,
X6-4876,2016-08-22,VACCINATIONS,5,,,,,,
K0-8177,2016-08-22,VACCINATIONS,5,,,,,,
S4-2254,2016-08-22,VACCINATIONS,5,,,,,,
J8-7429,2016-08-23,VACCINATIONS,5,,,,,,
G4-8096,2016-08-23,VACCINATIONS,5,,,,,,
I5-4893,2016-08-23,VACCINATIONS,5,,,,,,
L0-6660,2016-08-23,VACCINATIONS,5,,,,,,
Q9-1565,2016-08-23,VACCINATIONS,5,,,,,,
L4-6292,2016-08-23,VACCINATIONS,5,,,,,,
T2-2142,2016-08-23,VACCINATIONS,5,,,,,,
X0-8765,2016-08-23,VACCINATIONS,5,,,,,,
U4-5113,2016-08-23,VACCINATIONS,5,,,,,,
Q9-1565,2016-08-23,GENERAL SURGERIES,10,,,,,,
U8-6473,2016-08-23,GENERAL SURGERIES,10,,,,,,
L8-9022,2016-08-23,GROOMING,1,,,,,,
R7-4835,2016-08-23,GENERAL SURGERIES,3,,,,,,
H2-8586,2016-08-23,GENERAL SURGERIES,3,,,,,,
O8-0027,2016-08-24,ORTHOPEDIC,8,,,,,,
I6-9459,2016-08-24,VACCINATIONS,1,,,,,,
V5-2342,2016-08-24,VACCINATIONS,5,,,,,,
T0-5705,2016-08-24,VACCINATIONS,5,,,,,,
Q8-3145,2016-08-24,VACCINATIONS,5,,,,,,
Q2-3642,2016-08-24,VACCINATIONS,5,,,,,,
P7-2443,2016-08-24,VACCINATIONS,5,,,,,,
P7-2443,2016-08-24,VACCINATIONS,5,,,,,,
S1-2243,2016-08-24,VACCINATIONS,5,,,,,,
G0-8531,2016-08-24,VACCINATIONS,5,,,,,,
M2-1131,2016-08-24,VACCINATIONS,5,,,,,,
N6-7350,2016-08-24,VACCINATIONS,5,,,,,,
S5-5938,2016-08-24,GENERAL SURGERIES,18,,,,,,
Q9-1565,2016-08-24,ORTHOPEDIC,4,,,,,,
U4-5113,2016-08-24,GROOMING,3,,,,,,
O1-7229,2016-08-25,VACCINATIONS,5,,,,,,
L4-6292,2016-08-26,VACCINATIONS,5,,,,,,
L0-6660,2016-08-26,VACCINATIONS,5,,,,,,
K4-5012,2016-08-26,VACCINATIONS,1,,,,,,
S4-9578,2016-08-26,GROOMING,3,,,,,,
V4-6172,2016-08-26,GROOMING,1,,,,,,
R3-7551,2016-08-27,VACCINATIONS,5,,,,,,
H2-8586,2016-08-27,VACCINATIONS,6,,,,,,
U2-4205,2016-08-28,VACCINATIONS,5,,,,,,
T0-3277,2016-08-29,VACCINATIONS,5,,,,,,
O5-2472,2016-08-29,VACCINATIONS,5,,,,,,
X6-4876,2016-08-29,VACCINATIONS,5,,,,,,
P9-3625,2016-08-29,VACCINATIONS,5,,,,,,
K0-8177,2016-08-29,GROOMING,1,,,,,,
T2-2142,2016-08-30,VACCINATIONS,5,,,,,,
O3-1895,2016-08-30,VACCINATIONS,6,,,,,,
I2-7926,2016-08-30,VACCINATIONS,5,,,,,,
P7-2443,2016-08-30,VACCINATIONS,5,,,,,,
H8-1429,2016-08-30,VACCINATIONS,5,,,,,,
L4-9973,2016-08-30,VACCINATIONS,5,,,,,,
S4-9578,2016-08-30,VACCINATIONS,5,,,,,,
L4-4205,2016-08-30,VACCINATIONS,5,,,,,,
V2-4634,2016-08-30,VACCINATIONS,5,,,,,,
G0-7675,2016-08-30,VACCINATIONS,1,,,,,,
I7-9550,2016-08-30,GENERAL SURGERIES,18,,,,,,
L4-4205,2016-08-30,GROOMING,3,,,,,,
I2-7926,2016-08-30,GROOMING,3,,,,,,
P0-1725,2016-08-30,GROOMING,3,,,,,,
H8-1429,2016-08-30,GROOMING,1,,,,,,
S4-1063,2016-08-30,GROOMING,1,,,,,,
O1-7229,2016-08-30,GENERAL SURGERIES,3,,,,,,
L4-6292,2016-08-30,GENERAL SURGERIES,3,,,,,,
S5-5938,2016-08-31,VACCINATIONS,5,,,,,,
S4-0789,2016-09-01,VACCINATIONS,6,,,,,,
G0-8531,2016-09-02,VACCINATIONS,5,,,,,,
U4-9376,2016-09-03,VACCINATIONS,4,,,,,,
Q8-8753,2016-09-03,VACCINATIONS,5,,,,,,
T8-1754,2016-09-03,VACCINATIONS,5,,,,,,
J0-7893,2016-09-03,GROOMING,1,,,,,,
X0-8765,2016-09-04,VACCINATIONS,5,,,,,,
L4-4030,2016-09-04,VACCINATIONS,5,,,,,,
J6-8562,2016-09-05,GENERAL SURGERIES,3,,,,,,
T0-3277,2016-09-06,VACCINATIONS,5,,,,,,
G0-8531,2016-09-06,VACCINATIONS,5,,,,,,
P1-2578,2016-09-06,VACCINATIONS,5,,,,,,
L4-2594,2016-09-06,VACCINATIONS,5,,,,,,
T0-3277,2016-09-06,GROOMING,3,,,,,,
F6-5391,2016-09-06,GROOMING,1,,,,,,
L8-9022,2016-09-07,GENERAL SURGERIES,3,,,,,,
Q9-1565,2016-09-08,VACCINATIONS,5,,,,,,
I6-9459,2016-09-08,VACCINATIONS,5,,,,,,
Q8-3145,2016-09-08,VACCINATIONS,5,,,,,,
I2-7926,2016-09-08,VACCINATIONS,5,,,,,,
U2-7207,2016-09-08,VACCINATIONS,5,,,,,,
W7-6372,2016-09-08,VACCINATIONS,5,,,,,,
L0-6660,2016-09-08,VACCINATIONS,5,,,,,,
Z8-4419,2016-09-08,GROOMING,1,,,,,,
J2-4382,2016-09-09,VACCINATIONS,5,,,,,,
T8-1754,2016-09-09,VACCINATIONS,5,,,,,,
I5-4893,2016-09-09,VACCINATIONS,5,,,,,,
P0-1725,2016-09-09,VACCINATIONS,5,,,,,,
V5-2342,2016-09-09,VACCINATIONS,5,,,,,,
W8-5750,2016-09-09,VACCINATIONS,5,,,,,,
L2-1834,2016-09-09,GROOMING,2,,,,,,
O8-0027,2016-09-09,GROOMING,3,,,,,,
X0-8765,2016-09-09,GROOMING,3,,,,,,
Q9-1565,2016-09-09,GROOMING,3,,,,,,
O3-1895,2016-09-09,GENERAL SURGERIES,3,,,,,,
J1-6366,2016-09-10,VACCINATIONS,5,,,,,,
U0-5987,2016-09-10,VACCINATIONS,5,,,,,,
O6-3123,2016-09-10,VACCINATIONS,5,,,,,,
J8-7429,2016-09-10,VACCINATIONS,5,,,,,,
L4-2594,2016-09-10,GROOMING,1,,,,,,
L8-9022,2016-09-10,ORTHOPEDIC,4,,,,,,
V7-6771,2016-09-10,GROOMING,1,,,,,,
X8-8611,2016-09-11,VACCINATIONS,5,,,,,,
Z8-4419,2016-09-11,VACCINATIONS,5,,,,,,
L4-4030,2016-09-11,VACCINATIONS,5,,,,,,
M8-7852,2016-09-11,VACCINATIONS,5,,,,,,
Q8-8753,2016-09-11,VACCINATIONS,5,,,,,,
N8-0553,2016-09-11,VACCINATIONS,5,,,,,,
Q9-1565,2016-09-11,VACCINATIONS,5,,,,,,
G0-8531,2016-09-11,VACCINATIONS,5,,,,,,
L2-1834,2016-09-11,GENERAL SURGERIES,13,,,,,,
G0-7675,2016-09-12,VACCINATIONS,5,,,,,,
G6-6501,2016-09-12,GROOMING,3,,,,,,
N7-6805,2016-09-12,GROOMING,3,,,,,,
M8-7852,2016-09-13,VACCINATIONS,4,,,,,,
F6-5391,2016-09-13,VACCINATIONS,5,,,,,,
L8-0046,2016-09-13,VACCINATIONS,5,,,,,,
L4-4030,2016-09-13,VACCINATIONS,5,,,,,,
G4-8096,2016-09-13,VACCINATIONS,5,,,,,,
X8-8611,2016-09-13,GROOMING,3,,,,,,
J6-8562,2016-09-14,VACCINATIONS,5,,,,,,
V5-2342,2016-09-14,GROOMING,1,,,,,,
P9-3625,2016-09-14,GROOMING,1,,,,,,
H8-8856,2016-09-15,VACCINATIONS,5,,,,,,
Q9-1565,2016-09-16,VACCINATIONS,5,,,,,,
L4-6292,2016-09-17,VACCINATIONS,5,,,,,,
G4-8096,2016-09-17,VACCINATIONS,5,,,,,,
Z6-3226,2016-09-17,VACCINATIONS,5,,,,,,
Z6-3226,2016-09-17,VACCINATIONS,5,,,,,,
K0-8177,2016-09-17,VACCINATIONS,5,,,,,,
J1-6366,2016-09-17,VACCINATIONS,5,,,,,,
G4-8096,2016-09-17,VACCINATIONS,5,,,,,,
Z6-3226,2016-09-17,VACCINATIONS,5,,,,,,
N0-9539,2016-09-17,VACCINATIONS,4,,,,,,
Q8-0954,2016-09-17,GENERAL SURGERIES,1,,,,,,
G9-0817,2016-09-17,GROOMING,3,,,,,,
S4-2254,2016-09-17,GENERAL SURGERIES,3,,,,,,
N7-6805,2016-09-18,VACCINATIONS,5,,,,,,
X8-8611,2016-09-18,VACCINATIONS,5,,,,,,
U4-9376,2016-09-18,ORTHOPEDIC,3,,,,,,
G9-0817,2016-09-18,GENERAL SURGERIES,3,,,,,,
U8-6473,2016-09-18,GROOMING,3,,,,,,
W9-8307,2016-09-19,GENERAL SURGERIES,1,,,,,,
L8-0046,2016-09-19,VACCINATIONS,5,,,,,,
V2-4634,2016-09-19,VACCINATIONS,5,,,,,,
Q0-8904,2016-09-19,VACCINATIONS,5,,,,,,
M0-2904,2016-09-19,VACCINATIONS,5,,,,,,
P7-2443,2016-09-19,VACCINATIONS,5,,,,,,
X8-8611,2016-09-19,VACCINATIONS,5,,,,,,
Q8-0954,2016-09-19,VACCINATIONS,5,,,,,,
X0-8765,2016-09-19,VACCINATIONS,5,,,,,,
U2-4205,2016-09-19,VACCINATIONS,5,,,,,,
R4-6131,2016-09-19,VACCINATIONS,5,,,,,,
I2-7926,2016-09-19,VACCINATIONS,5,,,,,,
V4-6172,2016-09-19,VACCINATIONS,5,,,,,,
S4-2254,2016-09-19,VACCINATIONS,5,,,,,,
U0-5987,2016-09-19,VACCINATIONS,5,,,,,,
O6-3123,2016-09-19,VACCINATIONS,5,,,,,,
X6-4876,2016-09-19,ORTHOPEDIC,5,,,,,,
U2-7207,2016-09-19,GENERAL SURGERIES,11,,,,,,
G6-6501,2016-09-19,GROOMING,3,,,,,,
O8-0027,2016-09-19,GROOMING,3,,,,,,
O8-0027,2016-09-19,GROOMING,3,,,,,,
Q9-1565,2016-09-19,GROOMING,3,,,,,,
S4-0789,2016-09-19,GROOMING,3,,,,,,
G9-0817,2016-09-19,GROOMING,1,,,,,,
N0-9539,2016-09-19,GENERAL SURGERIES,3,,,,,,
H2-8586,2016-09-20,VACCINATIONS,5,,,,,,
V7-6771,2016-09-20,VACCINATIONS,5,,,,,,
W8-5750,2016-09-20,GENERAL SURGERIES,11,,,,,,
Q0-8904,2016-09-20,GROOMING,1,,,,,,
P0-1725,2016-09-21,HOSPITALIZATION,1,,,,,,
M8-7852,2016-09-22,GROOMING,2,,,,,,
W7-6372,2016-09-22,HOSPITALIZATION,1,,,,,,
S4-1063,2016-09-22,VACCINATIONS,5,,,,,,
J8-7429,2016-09-22,VACCINATIONS,5,,,,,,
H2-8586,2016-09-22,VACCINATIONS,5,,,,,,
Q0-3593,2016-09-22,VACCINATIONS,5,,,,,,
U4-6674,2016-09-22,VACCINATIONS,5,,,,,,
F6-5391,2016-09-23,ORTHOPEDIC,3,,,,,,
Q0-8904,2016-09-23,VACCINATIONS,5,,,,,,
P2-7342,2016-09-23,GENERAL SURGERIES,7,,,,,,
X8-8611,2016-09-24,VACCINATIONS,5,,,,,,
U4-9376,2016-09-24,VACCINATIONS,5,,,,,,
F6-5391,2016-09-24,VACCINATIONS,5,,,,,,
M8-7852,2016-09-24,OFFICE FEES,2,,,,,,
R4-6131,2016-09-24,GENERAL SURGERIES,3,,,,,,
Z4-5652,2016-09-25,GENERAL SURGERIES,13,,,,,,
Q8-3145,2016-09-25,VACCINATIONS,5,,,,,,
X6-4876,2016-09-25,VACCINATIONS,5,,,,,,
Q5-5872,2016-09-25,VACCINATIONS,5,,,,,,
L4-2594,2016-09-25,VACCINATIONS,5,,,,,,
T0-5705,2016-09-25,VACCINATIONS,5,,,,,,
J0-7893,2016-09-25,VACCINATIONS,5,,,,,,
L4-9973,2016-09-25,VACCINATIONS,5,,,,,,
T0-5705,2016-09-25,GENERAL SURGERIES,12,,,,,,
U2-4205,2016-09-25,GROOMING,2,,,,,,
W8-5750,2016-09-25,GROOMING,3,,,,,,
T0-3277,2016-09-25,GROOMING,3,,,,,,
R4-6131,2016-09-26,VACCINATIONS,1,,,,,,
L8-9022,2016-09-26,VACCINATIONS,5,,,,,,
J1-6366,2016-09-26,VACCINATIONS,5,,,,,,
N0-9539,2016-09-26,VACCINATIONS,5,,,,,,
O8-2501,2016-09-26,VACCINATIONS,5,,,,,,
Z6-3226,2016-09-26,VACCINATIONS,5,,,,,,
S1-2243,2016-09-26,VACCINATIONS,5,,,,,,
Q9-1565,2016-09-26,OFFICE FEES,1,,,,,,
W7-6372,2016-09-26,ORTHOPEDIC,6,,,,,,
Z4-5652,2016-09-26,ORTHOPEDIC,9,,,,,,
F2-3235,2016-09-26,GENERAL SURGERIES,19,,,,,,
V2-4634,2016-09-26,ORTHOPEDIC,1,,,,,,
T0-3277,2016-09-26,HOSPITALIZATION,1,,,,,,
S4-4013,2016-09-26,GENERAL SURGERIES,19,,,,,,
Q0-3593,2016-09-27,VACCINATIONS,5,,,,,,
G9-0817,2016-09-27,VACCINATIONS,5,,,,,,
Z6-3226,2016-09-28,VACCINATIONS,5,,,,,,
Q8-3145,2016-09-28,GENERAL SURGERIES,3,,,,,,
L0-6660,2016-09-29,GENERAL SURGERIES,14,,,,,,
G0-7675,2016-09-29,ORTHOPEDIC,9,,,,,,
Q8-3145,2016-09-30,VACCINATIONS,5,,,,,,
O8-2501,2016-09-30,VACCINATIONS,5,,,,,,
M2-1131,2016-09-30,GENERAL SURGERIES,16,,,,,,
J0-7893,2016-09-30,GROOMING,3,,,,,,
U0-5987,2016-09-30,ORTHOPEDIC,1,,,,,,
Q8-3145,2016-09-30,GROOMING,1,,,,,,
S1-2243,2016-10-01,VACCINATIONS,5,,,,,,
Q8-3145,2016-10-01,ORTHOPEDIC,4,,,,,,
G0-8531,2016-10-01,GROOMING,1,,,,,,
X0-8765,2016-10-02,ORTHOPEDIC,9,,,,,,
K4-5012,2016-10-02,GENERAL SURGERIES,8,,,,,,
R3-7551,2016-10-02,VACCINATIONS,5,,,,,,
U0-5987,2016-10-02,VACCINATIONS,5,,,,,,
U4-6674,2016-10-02,VACCINATIONS,5,,,,,,
G4-8096,2016-10-02,GENERAL SURGERIES,15,,,,,,
L4-9973,2016-10-02,GENERAL SURGERIES,16,,,,,,
U2-4205,2016-10-02,GROOMING,1,,,,,,
N8-0553,2016-10-02,GROOMING,1,,,,,,
I6-9459,2016-10-03,VACCINATIONS,5,,,,,,
J2-3320,2016-10-03,VACCINATIONS,5,,,,,,
S1-2243,2016-10-03,VACCINATIONS,5,,,,,,
W8-5750,2016-10-03,VACCINATIONS,5,,,,,,
X7-2632,2016-10-03,VACCINATIONS,5,,,,,,
I7-9550,2016-10-03,GENERAL SURGERIES,8,,,,,,
I7-9550,2016-10-03,GENERAL SURGERIES,3,,,,,,
N0-9539,2016-10-04,VACCINATIONS,5,,,,,,
F6-5391,2016-10-05,VACCINATIONS,5,,,,,,
I5-4893,2016-10-05,VACCINATIONS,5,,,,,,
N8-0553,2016-10-05,VACCINATIONS,5,,,,,,
H2-8586,2016-10-05,VACCINATIONS,5,,,,,,
J2-4382,2016-10-06,VACCINATIONS,5,,,,,,
N7-6805,2016-10-06,VACCINATIONS,5,,,,,,
I6-9459,2016-10-06,VACCINATIONS,5,,,,,,
S4-1063,2016-10-06,ORTHOPEDIC,7,,,,,,
V5-2342,2016-10-06,ORTHOPEDIC,9,,,,,,
Z4-4045,2016-10-06,GROOMING,3,,,,,,
W8-5750,2016-10-06,GROOMING,3,,,,,,
L4-2594,2016-10-06,GROOMING,1,,,,,,
P7-2443,2016-10-06,GROOMING,1,,,,,,
T0-3277,2016-10-07,VACCINATIONS,5,,,,,,
L4-4030,2016-10-07,GROOMING,1,,,,,,
Q5-5872,2016-10-08,VACCINATIONS,6,,,,,,
N6-7350,2016-10-08,VACCINATIONS,5,,,,,,
M0-2904,2016-10-08,VACCINATIONS,5,,,,,,
I7-9550,2016-10-08,VACCINATIONS,5,,,,,,
M2-1131,2016-10-08,GROOMING,1,,,,,,
N7-6805,2016-10-09,GENERAL SURGERIES,19,,,,,,
M4-9675,2016-10-10,GENERAL SURGERIES,19,,,,,,
U0-5987,2016-10-10,VACCINATIONS,5,,,,,,
T2-2142,2016-10-10,VACCINATIONS,5,,,,,,
S4-4013,2016-10-10,VACCINATIONS,5,,,,,,
M8-7852,2016-10-10,VACCINATIONS,5,,,,,,
P9-6519,2016-10-10,OFFICE FEES,3,,,,,,
K4-5012,2016-10-10,GROOMING,1,,,,,,
Q5-5872,2016-10-11,VACCINATIONS,5,,,,,,
R4-6131,2016-10-11,VACCINATIONS,5,,,,,,
Q9-1565,2016-10-12,VACCINATIONS,5,,,,,,
X8-9212,2016-10-13,VACCINATIONS,5,,,,,,
O8-0027,2016-10-13,VACCINATIONS,5,,,,,,
O8-0027,2016-10-13,VACCINATIONS,5,,,,,,
P7-2443,2016-10-13,VACCINATIONS,5,,,,,,
V5-2342,2016-10-13,VACCINATIONS,5,,,,,,
Q0-2001,2016-10-13,VACCINATIONS,5,,,,,,
Q0-8904,2016-10-13,VACCINATIONS,5,,,,,,
Q0-3593,2016-10-13,VACCINATIONS,4,,,,,,
L4-2594,2016-10-13,GROOMING,3,,,,,,
O5-2472,2016-10-13,GROOMING,1,,,,,,
I7-9550,2016-10-13,GROOMING,1,,,,,,
Z4-4045,2016-10-13,GROOMING,1,,,,,,
Z8-4419,2016-10-13,GENERAL SURGERIES,3,,,,,,
N8-0553,2016-10-14,VACCINATIONS,5,,,,,,
L8-9022,2016-10-14,VACCINATIONS,5,,,,,,
I2-7926,2016-10-14,VACCINATIONS,5,,,,,,
Q8-3145,2016-10-14,VACCINATIONS,5,,,,,,
G6-6501,2016-10-14,GENERAL SURGERIES,16,,,,,,
Z4-5652,2016-10-14,GENERAL SURGERIES,12,,,,,,
J0-7893,2016-10-15,VACCINATIONS,5,,,,,,
I6-9459,2016-10-15,GENERAL SURGERIES,5,,,,,,
U4-5113,2016-10-15,GROOMING,1,,,,,,
M8-7852,2016-10-16,VACCINATIONS,5,,,,,,
P9-3625,2016-10-17,OFFICE FEES,2,,,,,,
I6-9459,2016-10-17,VACCINATIONS,5,,,,,,
N8-0553,2016-10-17,VACCINATIONS,5,,,,,,
T0-3277,2016-10-17,VACCINATIONS,5,,,,,,
N7-6805,2016-10-17,VACCINATIONS,5,,,,,,
R7-4835,2016-10-17,VACCINATIONS,5,,,,,,
J2-3320,2016-10-17,VACCINATIONS,5,,,,,,
R7-4835,2016-10-17,ORTHOPEDIC,4,,,,,,
Q8-8753,2016-10-17,GROOMING,3,,,,,,
I7-9550,2016-10-18,GROOMING,3,,,,,,
Q0-2001,2016-10-19,VACCINATIONS,5,,,,,,
V2-4634,2016-10-19,VACCINATIONS,5,,,,,,
M0-2904,2016-10-19,VACCINATIONS,5,,,,,,
J2-3320,2016-10-19,VACCINATIONS,5,,,,,,
Q4-9479,2016-10-19,VACCINATIONS,5,,,,,,
P9-6519,2016-10-19,VACCINATIONS,5,,,,,,
P7-2443,2016-10-19,VACCINATIONS,5,,,,,,
V4-6172,2016-10-19,VACCINATIONS,5,,,,,,
Q0-2001,2016-10-19,VACCINATIONS,5,,,,,,
F6-5391,2016-10-19,VACCINATIONS,5,,,,,,
Q8-0954,2016-10-19,VACCINATIONS,5,,,,,,
W7-6372,2016-10-19,VACCINATIONS,5,,,,,,
Q8-8753,2016-10-20,VACCINATIONS,5,,,,,,
Q8-0954,2016-10-20,VACCINATIONS,5,,,,,,
T8-1754,2016-10-20,VACCINATIONS,5,,,,,,
Z8-4419,2016-10-21,VACCINATIONS,5,,,,,,
T0-5705,2016-10-21,VACCINATIONS,5,,,,,,
N7-6805,2016-10-21,VACCINATIONS,5,,,,,,
J1-6366,2016-10-21,VACCINATIONS,5,,,,,,
T0-5705,2016-10-21,GENERAL SURGERIES,2,,,,,,
Z6-3226,2016-10-21,GROOMING,3,,,,,,
Z4-5652,2016-10-22,GENERAL SURGERIES,3,,,,,,
T2-2142,2016-10-22,GENERAL SURGERIES,17,,,,,,
I7-9550,2016-10-22,VACCINATIONS,5,,,,,,
F1-1855,2016-10-22,VACCINATIONS,5,,,,,,
I2-7926,2016-10-22,VACCINATIONS,5,,,,,,
U8-6473,2016-10-22,VACCINATIONS,5,,,,,,
S4-1063,2016-10-22,VACCINATIONS,5,,,,,,
Q4-9479,2016-10-22,GENERAL SURGERIES,7,,,,,,
O8-2501,2016-10-22,GROOMING,3,,,,,,
G0-7675,2016-10-22,GROOMING,1,,,,,,
O1-7229,2016-10-22,GENERAL SURGERIES,3,,,,,,
G9-0817,2016-10-23,OFFICE FEES,1,,,,,,
S4-1063,2016-10-23,VACCINATIONS,5,,,,,,
F2-3235,2016-10-23,GENERAL SURGERIES,8,,,,,,
W7-6372,2016-10-23,GROOMING,3,,,,,,
M2-1131,2016-10-24,VACCINATIONS,5,,,,,,
S4-9578,2016-10-24,GROOMING,1,,,,,,
L4-2594,2016-10-25,ORTHOPEDIC,1,,,,,,
X7-2632,2016-10-25,VACCINATIONS,5,,,,,,
S5-5938,2016-10-25,VACCINATIONS,5,,,,,,
Q2-3642,2016-10-25,VACCINATIONS,5,,,,,,
I6-9459,2016-10-25,VACCINATIONS,5,,,,,,
R3-7551,2016-10-25,VACCINATIONS,5,,,,,,
U4-5113,2016-10-25,VACCINATIONS,5,,,,,,
Q4-9479,2016-10-25,VACCINATIONS,5,,,,,,
L4-9973,2016-10-25,VACCINATIONS,5,,,,,,
L4-4205,2016-10-25,GROOMING,3,,,,,,
P9-6519,2016-10-25,GROOMING,1,,,,,,
U0-5987,2016-10-26,GROOMING,3,,,,,,
X8-8611,2016-10-27,VACCINATIONS,5,,,,,,
S4-0789,2016-10-27,VACCINATIONS,5,,,,,,
T0-3277,2016-10-27,GROOMING,3,,,,,,
L8-9022,2016-10-28,VACCINATIONS,5,,,,,,
I2-7926,2016-10-29,VACCINATIONS,5,,,,,,
I6-9459,2016-10-29,VACCINATIONS,5,,,,,,
S4-4013,2016-10-29,VACCINATIONS,5,,,,,,
V5-2342,2016-10-29,VACCINATIONS,5,,,,,,
H8-1429,2016-10-29,VACCINATIONS,5,,,,,,
R3-7551,2016-10-29,VACCINATIONS,5,,,,,,
N0-9539,2016-10-29,VACCINATIONS,5,,,,,,
V2-4634,2016-10-29,VACCINATIONS,5,,,,,,
U2-4205,2016-10-29,VACCINATIONS,5,,,,,,
M8-7852,2016-10-30,VACCINATIONS,5,,,,,,
P7-2443,2016-10-30,VACCINATIONS,5,,,,,,
U8-6473,2016-10-30,GROOMING,1,,,,,,
L2-1834,2016-10-31,VACCINATIONS,5,,,,,,
V4-6172,2016-10-31,VACCINATIONS,5,,,,,,
U4-5113,2016-11-01,VACCINATIONS,1,,,,,,
J8-7429,2016-11-02,GENERAL SURGERIES,8,,,,,,
H8-1429,2016-11-02,VACCINATIONS,5,,,,,,
U4-6674,2016-11-02,VACCINATIONS,5,,,,,,
J6-8562,2016-11-02,VACCINATIONS,5,,,,,,
U8-6473,2016-11-02,VACCINATIONS,5,,,,,,
H8-8856,2016-11-02,VACCINATIONS,5,,,,,,
U4-9376,2016-11-02,VACCINATIONS,5,,,,,,
U6-4890,2016-11-02,VACCINATIONS,5,,,,,,
U4-5113,2016-11-02,VACCINATIONS,5,,,,,,
Q0-2001,2016-11-02,VACCINATIONS,5,,,,,,
J2-4382,2016-11-02,VACCINATIONS,5,,,,,,
N8-0553,2016-11-02,GENERAL SURGERIES,14,,,,,,
Q8-3145,2016-11-02,GENERAL SURGERIES,6,,,,,,
G0-8531,2016-11-02,GENERAL SURGERIES,12,,,,,,
Z4-5652,2016-11-02,GROOMING,3,,,,,,
G9-0817,2016-11-02,GROOMING,3,,,,,,
H2-8586,2016-11-02,GROOMING,3,,,,,,
U2-7207,2016-11-02,GROOMING,1,,,,,,
L2-1834,2016-11-02,GROOMING,1,,,,,,
L8-0046,2016-11-02,GENERAL SURGERIES,3,,,,,,
L0-6660,2016-11-03,VACCINATIONS,5,,,,,,
G0-7675,2016-11-03,VACCINATIONS,5,,,,,,
Z4-5652,2016-11-03,OFFICE FEES,3,,,,,,
L4-4205,2016-11-04,VACCINATIONS,5,,,,,,
O3-1895,2016-11-04,VACCINATIONS,5,,,,,,
S1-2243,2016-11-04,VACCINATIONS,5,,,,,,
L4-4030,2016-11-04,VACCINATIONS,6,,,,,,
L8-9022,2016-11-04,ORTHOPEDIC,4,,,,,,
Q0-3593,2016-11-04,OFFICE FEES,3,,,,,,
S4-0789,2016-11-04,GROOMING,3,,,,,,
L0-6660,2016-11-05,VACCINATIONS,3,,,,,,
Q8-8753,2016-11-05,VACCINATIONS,5,,,,,,
J2-4382,2016-11-05,GROOMING,1,,,,,,
V2-4634,2016-11-06,VACCINATIONS,5,,,,,,
Q0-8904,2016-11-06,VACCINATIONS,5,,,,,,
J2-3320,2016-11-06,VACCINATIONS,5,,,,,,
I5-4893,2016-11-06,VACCINATIONS,5,,,,,,
Q4-9479,2016-11-06,VACCINATIONS,5,,,,,,
X8-8611,2016-11-06,VACCINATIONS,5,,,,,,
N8-0553,2016-11-06,VACCINATIONS,5,,,,,,
V2-4634,2016-11-06,VACCINATIONS,5,,,,,,
M2-1131,2016-11-06,VACCINATIONS,5,,,,,,
X8-9212,2016-11-06,VACCINATIONS,5,,,,,,
N0-9539,2016-11-06,VACCINATIONS,5,,,,,,
O6-3123,2016-11-06,GENERAL SURGERIES,7,,,,,,
V4-6172,2016-11-06,GENERAL SURGERIES,10,,,,,,
S4-1063,2016-11-06,GROOMING,3,,,,,,
Q0-2001,2016-11-06,GROOMING,1,,,,,,
T0-3277,2016-11-06,GENERAL SURGERIES,3,,,,,,
Z6-3226,2016-11-06,GENERAL SURGERIES,3,,,,,,
S4-0789,2016-11-07,VACCINATIONS,5,,,,,,
S4-1063,2016-11-07,VACCINATIONS,5,,,,,,
Z4-5652,2016-11-07,VACCINATIONS,5,,,,,,
P0-1725,2016-11-07,GROOMING,1,,,,,,
Q4-9479,2016-11-07,VACCINATIONS,3,,,,,,
J1-6366,2016-11-07,GROOMING,3,,,,,,
O6-3123,2016-11-08,VACCINATIONS,5,,,,,,
L0-6660,2016-11-08,VACCINATIONS,5,,,,,,
X6-4876,2016-11-08,VACCINATIONS,5,,,,,,
Q0-2001,2016-11-08,VACCINATIONS,5,,,,,,
W8-5750,2016-11-08,VACCINATIONS,5,,,,,,
Q0-8904,2016-11-08,VACCINATIONS,2,,,,,,
X6-4876,2016-11-08,VACCINATIONS,5,,,,,,
H8-1429,2016-11-08,GROOMING,1,,,,,,
I7-9550,2016-11-08,GENERAL SURGERIES,3,,,,,,
U2-4205,2016-11-09,VACCINATIONS,5,,,,,,
O5-2472,2016-11-09,VACCINATIONS,5,,,,,,
J2-3320,2016-11-10,VACCINATIONS,5,,,,,,
U4-9376,2016-11-11,GENERAL SURGERIES,3,,,,,,
F6-5391,2016-11-12,VACCINATIONS,5,,,,,,
F1-1855,2016-11-12,GROOMING,2,,,,,,
I7-9550,2016-11-12,GROOMING,1,,,,,,
T0-5705,2016-11-13,GROOMING,1,,,,,,
S4-1063,2016-11-14,GENERAL SURGERIES,2,,,,,,
L4-4205,2016-11-14,GENERAL SURGERIES,5,,,,,,
Q0-8904,2016-11-14,VACCINATIONS,2,,,,,,
Q4-9479,2016-11-14,VACCINATIONS,5,,,,,,
Z4-4045,2016-11-15,VACCINATIONS,5,,,,,,
U4-6674,2016-11-15,VACCINATIONS,5,,,,,,
T2-2142,2016-11-15,GROOMING,1,,,,,,
X7-2632,2016-11-15,GROOMING,1,,,,,,
T0-5705,2016-11-16,VACCINATIONS,5,,,,,,
U2-4205,2016-11-16,VACCINATIONS,5,,,,,,
G9-0817,2016-11-16,VACCINATIONS,5,,,,,,
T2-2142,2016-11-16,VACCINATIONS,5,,,,,,
J6-8562,2016-11-16,VACCINATIONS,5,,,,,,
P9-6519,2016-11-16,VACCINATIONS,5,,,,,,
S4-0789,2016-11-16,GROOMING,1,,,,,,
L4-6292,2016-11-17,VACCINATIONS,5,,,,,,
U2-7207,2016-11-17,GROOMING,1,,,,,,
Z4-5652,2016-11-18,VACCINATIONS,5,,,,,,
R7-4835,2016-11-18,GENERAL SURGERIES,3,,,,,,
L4-4205,2016-11-19,VACCINATIONS,5,,,,,,
N6-7350,2016-11-19,VACCINATIONS,5,,,,,,
X0-8765,2016-11-19,VACCINATIONS,5,,,,,,
X8-9212,2016-11-19,VACCINATIONS,5,,,,,,
J8-7429,2016-11-19,VACCINATIONS,5,,,,,,
J2-4382,2016-11-19,GROOMING,3,,,,,,
P2-7342,2016-11-19,ORTHOPEDIC,7,,,,,,
O3-1895,2016-11-19,GROOMING,3,,,,,,
U4-5113,2016-11-19,GROOMING,3,,,,,,
L4-2594,2016-11-20,VACCINATIONS,5,,,,,,
X7-2632,2016-11-21,VACCINATIONS,5,,,,,,
Z6-3226,2016-11-21,VACCINATIONS,5,,,,,,
M4-9675,2016-11-21,VACCINATIONS,5,,,,,,
W8-5750,2016-11-21,VACCINATIONS,5,,,,,,
X8-8611,2016-11-21,VACCINATIONS,5,,,,,,
J8-7429,2016-11-21,VACCINATIONS,5,,,,,,
S4-1063,2016-11-21,VACCINATIONS,5,,,,,,
O8-0027,2016-11-21,VACCINATIONS,5,,,,,,
J6-8562,2016-11-21,VACCINATIONS,5,,,,,,
H8-8856,2016-11-21,VACCINATIONS,5,,,,,,
W8-5750,2016-11-21,VACCINATIONS,5,,,,,,
J6-8562,2016-11-21,VACCINATIONS,5,,,,,,
P1-2578,2016-11-21,GENERAL SURGERIES,17,,,,,,
Q9-1565,2016-11-21,GROOMING,1,,,,,,
R3-7551,2016-11-21,GENERAL SURGERIES,14,,,,,,
Z6-3226,2016-11-21,GROOMING,3,,,,,,
R7-4835,2016-11-21,GROOMING,1,,,,,,
L4-6292,2016-11-21,GENERAL SURGERIES,3,,,,,,
S4-2254,2016-11-22,ORTHOPEDIC,1,,,,,,
L2-1834,2016-11-22,VACCINATIONS,5,,,,,,
F2-3235,2016-11-22,VACCINATIONS,5,,,,,,
L4-9973,2016-11-23,VACCINATIONS,5,,,,,,
T2-2142,2016-11-23,VACCINATIONS,5,,,,,,
N6-7350,2016-11-23,VACCINATIONS,1,,,,,,
R7-4835,2016-11-23,GENERAL SURGERIES,4,,,,,,
U0-5987,2016-11-24,GROOMING,1,,,,,,
W9-8307,2016-11-25,GROOMING,3,,,,,,
R3-7551,2016-11-26,GENERAL SURGERIES,3,,,,,,
L4-4030,2016-11-27,VACCINATIONS,5,,,,,,
Q9-1565,2016-11-27,VACCINATIONS,5,,,,,,
S1-2243,2016-11-27,GROOMING,3,,,,,,
L4-4030,2016-11-27,GROOMING,3,,,,,,
I6-9459,2016-11-28,VACCINATIONS,5,,,,,,
Q0-3593,2016-11-28,VACCINATIONS,5,,,,,,
U6-4890,2016-11-28,VACCINATIONS,5,,,,,,
M8-7852,2016-11-29,VACCINATIONS,5,,,,,,
L2-1834,2016-11-29,VACCINATIONS,5,,,,,,
L8-9022,2016-11-29,GENERAL SURGERIES,19,,,,,,
N8-0553,2016-11-29,GROOMING,3,,,,,,
L4-4205,2016-11-30,VACCINATIONS,5,,,,,,
P1-2578,2016-12-01,VACCINATIONS,5,,,,,,
T0-5705,2016-12-01,VACCINATIONS,5,,,,,,
T0-5705,2016-12-01,VACCINATIONS,5,,,,,,
U2-7207,2016-12-01,VACCINATIONS,5,,,,,,
S4-0789,2016-12-01,VACCINATIONS,5,,,,,,
G6-6501,2016-12-01,VACCINATIONS,5,,,,,,
L4-9973,2016-12-01,ORTHOPEDIC,5,,,,,,
M4-9675,2016-12-01,GROOMING,3,,,,,,
O3-1895,2016-12-02,VACCINATIONS,5,,,,,,
K0-8177,2016-12-02,VACCINATIONS,5,,,,,,
O8-0027,2016-12-02,VACCINATIONS,5,,,,,,
F1-1855,2016-12-02,VACCINATIONS,5,,,,,,
L4-4205,2016-12-02,VACCINATIONS,5,,,,,,
J0-7893,2016-12-02,VACCINATIONS,5,,,,,,
J8-7429,2016-12-02,VACCINATIONS,5,,,,,,
X8-9212,2016-12-02,VACCINATIONS,5,,,,,,
O6-3123,2016-12-02,VACCINATIONS,5,,,,,,
O8-2501,2016-12-02,VACCINATIONS,5,,,,,,
Q0-3593,2016-12-02,VACCINATIONS,5,,,,,,
F1-1855,2016-12-02,ORTHOPEDIC,2,,,,,,
U4-9376,2016-12-02,ORTHOPEDIC,8,,,,,,
K4-5012,2016-12-02,GROOMING,1,,,,,,
O5-2472,2016-12-02,GROOMING,1,,,,,,
U0-5987,2016-12-02,GENERAL SURGERIES,3,,,,,,
T8-1754,2016-12-03,VACCINATIONS,5,,,,,,
U4-9376,2016-12-03,VACCINATIONS,5,,,,,,
Q2-3642,2016-12-03,VACCINATIONS,5,,,,,,
H8-1429,2016-12-03,VACCINATIONS,5,,,,,,
G0-8531,2016-12-03,VACCINATIONS,5,,,,,,
O8-0027,2016-12-04,GENERAL SURGERIES,17,,,,,,
R3-7551,2016-12-04,VACCINATIONS,5,,,,,,
Q8-8753,2016-12-04,VACCINATIONS,5,,,,,,
T8-1754,2016-12-04,VACCINATIONS,5,,,,,,
S4-9578,2016-12-04,VACCINATIONS,5,,,,,,
F1-1855,2016-12-04,VACCINATIONS,5,,,,,,
H8-8856,2016-12-04,VACCINATIONS,5,,,,,,
L4-9973,2016-12-04,VACCINATIONS,5,,,,,,
M2-1131,2016-12-04,VACCINATIONS,5,,,,,,
L4-6292,2016-12-04,VACCINATIONS,5,,,,,,
N8-0553,2016-12-04,GROOMING,3,,,,,,
W8-5750,2016-12-04,GROOMING,1,,,,,,
T0-5705,2016-12-05,VACCINATIONS,2,,,,,,
J0-7893,2016-12-05,VACCINATIONS,5,,,,,,
Z8-4419,2016-12-05,VACCINATIONS,5,,,,,,
G9-0817,2016-12-05,VACCINATIONS,5,,,,,,
W8-5750,2016-12-05,VACCINATIONS,5,,,,,,
P9-6519,2016-12-05,VACCINATIONS,5,,,,,,
Q0-2001,2016-12-05,VACCINATIONS,5,,,,,,
Q4-9479,2016-12-05,VACCINATIONS,5,,,,,,
I2-7926,2016-12-05,VACCINATIONS,5,,,,,,
W8-5750,2016-12-05,VACCINATIONS,5,,,,,,
P9-3625,2016-12-05,VACCINATIONS,5,,,,,,
R4-6131,2016-12-05,VACCINATIONS,5,,,,,,
V2-4634,2016-12-05,VACCINATIONS,5,,,,,,
P2-7342,2016-12-05,GROOMING,1,,,,,,
G9-0817,2016-12-05,ORTHOPEDIC,3,,,,,,
P7-2443,2016-12-05,GENERAL SURGERIES,10,,,,,,
S4-1063,2016-12-05,GENERAL SURGERIES,9,,,,,,
L4-4030,2016-12-05,VACCINATIONS,5,,,,,,
P9-6519,2016-12-05,GROOMING,3,,,,,,
F1-1855,2016-12-05,GROOMING,3,,,,,,
L8-0046,2016-12-05,GROOMING,3,,,,,,
G0-8531,2016-12-05,GROOMING,3,,,,,,
L4-2594,2016-12-05,GROOMING,3,,,,,,
X8-8611,2016-12-05,GROOMING,1,,,,,,
U8-6473,2016-12-05,GROOMING,1,,,,,,
Q9-1565,2016-12-05,GENERAL SURGERIES,3,,,,,,
Q2-3642,2016-12-06,VACCINATIONS,5,,,,,,
Z4-5652,2016-12-07,VACCINATIONS,5,,,,,,
J6-8562,2016-12-07,VACCINATIONS,5,,,,,,
P7-2443,2016-12-07,VACCINATIONS,5,,,,,,
S4-4013,2016-12-07,VACCINATIONS,5,,,,,,
Q8-3145,2016-12-07,VACCINATIONS,5,,,,,,
U8-6473,2016-12-07,VACCINATIONS,5,,,,,,
S4-0789,2016-12-07,VACCINATIONS,5,,,,,,
V7-6771,2016-12-07,VACCINATIONS,5,,,,,,
R3-7551,2016-12-07,VACCINATIONS,5,,,,,,
V2-4634,2016-12-07,VACCINATIONS,5,,,,,,
K0-8177,2016-12-07,VACCINATIONS,5,,,,,,
Q4-9479,2016-12-07,GENERAL SURGERIES,3,,,,,,
W7-6372,2016-12-07,GROOMING,3,,,,,,
U2-7207,2016-12-07,GROOMING,3,,,,,,
W9-8307,2016-12-08,VACCINATIONS,5,,,,,,
V2-4634,2016-12-08,VACCINATIONS,5,,,,,,
J2-3320,2016-12-08,VACCINATIONS,5,,,,,,
X6-4876,2016-12-08,VACCINATIONS,5,,,,,,
R3-7551,2016-12-08,VACCINATIONS,5,,,,,,
M0-2904,2016-12-08,VACCINATIONS,5,,,,,,
Z6-3226,2016-12-08,GENERAL SURGERIES,17,,,,,,
U2-7207,2016-12-08,GENERAL SURGERIES,13,,,,,,
R4-6131,2016-12-08,GENERAL SURGERIES,4,,,,,,
H8-1429,2016-12-08,GROOMING,1,,,,,,
V4-6172,2016-12-09,ORTHOPEDIC,2,,,,,,
M0-2904,2016-12-09,VACCINATIONS,5,,,,,,
J2-3320,2016-12-09,VACCINATIONS,5,,,,,,
U8-6473,2016-12-09,VACCINATIONS,5,,,,,,
S1-2243,2016-12-09,VACCINATIONS,5,,,,,,
X6-4876,2016-12-09,GROOMING,1,,,,,,
Z4-5652,2016-12-09,GROOMING,1,,,,,,
Z6-3226,2016-12-10,VACCINATIONS,5,,,,,,
L8-9022,2016-12-10,VACCINATIONS,5,,,,,,
Q0-3593,2016-12-10,VACCINATIONS,5,,,,,,
Q8-3145,2016-12-10,VACCINATIONS,5,,,,,,
J1-6366,2016-12-10,VACCINATIONS,5,,,,,,
N7-6805,2016-12-10,VACCINATIONS,5,,,,,,
L0-6660,2016-12-10,VACCINATIONS,5,,,,,,
Z6-3226,2016-12-10,VACCINATIONS,5,,,,,,
I2-7926,2016-12-10,VACCINATIONS,5,,,,,,
X7-2632,2016-12-10,VACCINATIONS,5,,,,,,
W9-8307,2016-12-10,VACCINATIONS,5,,,,,,
G0-8531,2016-12-10,OFFICE FEES,1,,,,,,
J2-4382,2016-12-10,GENERAL SURGERIES,19,,,,,,
O8-0027,2016-12-10,GENERAL SURGERIES,19,,,,,,
V4-6172,2016-12-10,GENERAL SURGERIES,14,,,,,,
L4-4030,2016-12-10,VACCINATIONS,6,,,,,,
U8-6473,2016-12-10,ORTHOPEDIC,1,,,,,,
Q9-1565,2016-12-10,GROOMING,3,,,,,,
J2-4382,2016-12-10,GROOMING,3,,,,,,
H8-1429,2016-12-10,GROOMING,3,,,,,,
V7-6771,2016-12-10,GROOMING,3,,,,,,
O3-1895,2016-12-10,GROOMING,3,,,,,,
I2-7926,2016-12-10,GROOMING,1,,,,,,
W8-5750,2016-12-10,GROOMING,1,,,,,,
I7-9550,2016-12-10,GROOMING,1,,,,,,
J8-7429,2016-12-10,GROOMING,1,,,,,,
Q0-8904,2016-12-10,GROOMING,1,,,,,,
S4-4013,2016-12-10,GROOMING,1,,,,,,
U2-4205,2016-12-11,GENERAL SURGERIES,1,,,,,,
Q4-9479,2016-12-11,VACCINATIONS,5,,,,,,
I2-7926,2016-12-11,VACCINATIONS,5,,,,,,
O3-1895,2016-12-11,GENERAL SURGERIES,12,,,,,,
L4-9973,2016-12-12,VACCINATIONS,5,,,,,,
X6-4876,2016-12-13,VACCINATIONS,5,,,,,,
L4-9973,2016-12-14,VACCINATIONS,5,,,,,,
V2-4634,2016-12-14,VACCINATIONS,5,,,,,,
S1-2243,2016-12-14,HOSPITALIZATION,1,,,,,,
Z6-3226,2016-12-14,GROOMING,3,,,,,,
L4-4205,2016-12-15,VACCINATIONS,5,,,,,,
L2-1834,2016-12-15,VACCINATIONS,5,,,,,,
O5-2472,2016-12-15,VACCINATIONS,5,,,,,,
T0-3277,2016-12-15,VACCINATIONS,5,,,,,,
Q4-9479,2016-12-15,VACCINATIONS,5,,,,,,
Q2-3642,2016-12-15,GROOMING,3,,,,,,
F6-5391,2016-12-15,GROOMING,1,,,,,,
Q0-8904,2016-12-15,GENERAL SURGERIES,3,,,,,,
P0-1725,2016-12-16,VACCINATIONS,5,,,,,,
X0-8765,2016-12-16,VACCINATIONS,5,,,,,,
G4-8096,2016-12-16,VACCINATIONS,5,,,,,,
S4-4013,2016-12-16,VACCINATIONS,5,,,,,,
K4-5012,2016-12-16,VACCINATIONS,5,,,,,,
Q9-1565,2016-12-16,VACCINATIONS,5,,,,,,
X0-8765,2016-12-16,VACCINATIONS,5,,,,,,
S4-1063,2016-12-16,VACCINATIONS,5,,,,,,
T2-2142,2016-12-16,VACCINATIONS,5,,,,,,
L4-9973,2016-12-16,VACCINATIONS,5,,,,,,
V4-6172,2016-12-16,VACCINATIONS,5,,,,,,
L4-6292,2016-12-17,VACCINATIONS,5,,,,,,
L8-0046,2016-12-18,VACCINATIONS,5,,,,,,
V4-6172,2016-12-18,VACCINATIONS,5,,,,,,
Q0-8904,2016-12-18,VACCINATIONS,5,,,,,,
N7-6805,2016-12-18,VACCINATIONS,5,,,,,,
P0-1725,2016-12-18,VACCINATIONS,5,,,,,,
W7-6372,2016-12-18,VACCINATIONS,5,,,,,,
U6-4890,2016-12-18,VACCINATIONS,5,,,,,,
R4-6131,2016-12-18,GENERAL SURGERIES,15,,,,,,
O1-7229,2016-12-18,GENERAL SURGERIES,9,,,,,,
Q0-3593,2016-12-19,VACCINATIONS,5,,,,,,
G0-7675,2016-12-19,VACCINATIONS,5,,,,,,
O3-1895,2016-12-19,VACCINATIONS,3,,,,,,
T0-5705,2016-12-20,VACCINATIONS,5,,,,,,
I7-9550,2016-12-20,VACCINATIONS,5,,,,,,
Q0-8904,2016-12-20,GROOMING,3,,,,,,
Q8-8753,2016-12-21,VACCINATIONS,5,,,,,,
I7-9550,2016-12-21,VACCINATIONS,5,,,,,,
V5-2342,2016-12-21,VACCINATIONS,5,,,,,,
O6-3123,2016-12-21,VACCINATIONS,5,,,,,,
V5-2342,2016-12-21,VACCINATIONS,5,,,,,,
S1-2243,2016-12-21,VACCINATIONS,5,,,,,,
Q9-1565,2016-12-21,VACCINATIONS,5,,,,,,
H8-8856,2016-12-21,GENERAL SURGERIES,1,,,,,,
G4-8096,2016-12-21,ORTHOPEDIC,5,,,,,,
Q0-2001,2016-12-21,GROOMING,1,,,,,,
G4-8096,2016-12-22,GENERAL SURGERIES,6,,,,,,
X0-8765,2016-12-22,VACCINATIONS,5,,,,,,
X7-2632,2016-12-22,VACCINATIONS,5,,,,,,
M8-7852,2016-12-22,VACCINATIONS,5,,,,,,
W9-8307,2016-12-22,VACCINATIONS,5,,,,,,
Q8-8753,2016-12-22,VACCINATIONS,5,,,,,,
G0-7675,2016-12-22,VACCINATIONS,5,,,,,,
S4-2254,2016-12-22,VACCINATIONS,5,,,,,,
O8-2501,2016-12-22,VACCINATIONS,5,,,,,,
X6-4876,2016-12-22,VACCINATIONS,5,,,,,,
O8-2501,2016-12-22,VACCINATIONS,5,,,,,,
P9-3625,2016-12-22,HOSPITALIZATION,1,,,,,,
J2-4382,2016-12-22,GENERAL SURGERIES,4,,,,,,
N0-9539,2016-12-22,VACCINATIONS,2,,,,,,
Q8-3145,2016-12-22,GENERAL SURGERIES,2,,,,,,
G0-8531,2016-12-22,GROOMING,3,,,,,,
Z8-4419,2016-12-22,GROOMING,1,,,,,,
Z4-4045,2016-12-22,GROOMING,1,,,,,,
W9-8307,2016-12-23,VACCINATIONS,5,,,,,,
I6-9459,2016-12-23,VACCINATIONS,5,,,,,,
S5-5938,2016-12-23,VACCINATIONS,5,,,,,,
O1-7229,2016-12-23,VACCINATIONS,5,,,,,,
S4-1063,2016-12-23,VACCINATIONS,5,,,,,,
W9-8307,2016-12-23,VACCINATIONS,5,,,,,,
U8-6473,2016-12-24,GROOMING,3,,,,,,
Z4-5652,2016-12-25,VACCINATIONS,5,,,,,,
M0-2904,2016-12-26,VACCINATIONS,5,,,,,,
Q5-5872,2016-12-26,VACCINATIONS,5,,,,,,
N7-6805,2016-12-27,GROOMING,1,,,,,,
U6-4890,2016-12-27,VACCINATIONS,5,,,,,,
L4-4030,2016-12-27,VACCINATIONS,5,,,,,,
Q8-8753,2016-12-27,VACCINATIONS,5,,,,,,
L4-9973,2016-12-27,VACCINATIONS,5,,,,,,
M8-7852,2016-12-27,VACCINATIONS,5,,,,,,
G0-8531,2016-12-27,VACCINATIONS,5,,,,,,
L4-4205,2016-12-27,VACCINATIONS,5,,,,,,
O6-3123,2016-12-27,VACCINATIONS,5,,,,,,
P1-2578,2016-12-27,VACCINATIONS,5,,,,,,
F1-1855,2016-12-27,VACCINATIONS,5,,,,,,
I7-9550,2016-12-27,ORTHOPEDIC,3,,,,,,
K0-8177,2016-12-27,GROOMING,3,,,,,,
Q0-3593,2016-12-28,VACCINATIONS,5,,,,,,
P9-6519,2016-12-28,VACCINATIONS,5,,,,,,
S4-0789,2016-12-28,VACCINATIONS,5,,,,,,
Q5-5872,2016-12-28,VACCINATIONS,5,,,,,,
X7-2632,2016-12-28,VACCINATIONS,5,,,,,,
U4-5113,2016-12-28,VACCINATIONS,5,,,,,,
G9-0817,2016-12-28,VACCINATIONS,5,,,,,,
M2-1131,2016-12-28,VACCINATIONS,5,,,,,,
I6-9459,2016-12-28,VACCINATIONS,5,,,,,,
J0-7893,2016-12-28,VACCINATIONS,5,,,,,,
S4-1063,2016-12-28,VACCINATIONS,5,,,,,,
V4-6172,2016-12-28,GENERAL SURGERIES,8,,,,,,
U8-6473,2016-12-28,GROOMING,3,,,,,,
H8-1429,2016-12-28,GROOMING,1,,,,,,
S4-9578,2016-12-28,GROOMING,1,,,,,,
T8-1754,2016-12-28,GROOMING,1,,,,,,
M4-9675,2016-12-28,GROOMING,1,,,,,,
T2-2142,2016-12-28,GROOMING,1,,,,,,
U4-5113,2016-12-28,GROOMING,1,,,,,,
M8-7852,2016-12-28,GENERAL SURGERIES,3,,,,,,
O5-2472,2016-12-29,GENERAL SURGERIES,7,,,,,,
Q0-3593,2016-12-29,VACCINATIONS,5,,,,,,
M2-1131,2016-12-29,GENERAL SURGERIES,17,,,,,,
K0-8177,2016-12-30,VACCINATIONS,5,,,,,,
J0-7893,2016-12-30,VACCINATIONS,5,,,,,,
H8-8856,2016-12-30,VACCINATIONS,5,,,,,,
V4-6172,2016-12-30,VACCINATIONS,5,,,,,,
U8-6473,2016-12-30,ORTHOPEDIC,3,,,,,,
Q0-3593,2016-12-31,VACCINATIONS,5,,,,,,
O5-2472,2016-12-31,VACCINATIONS,5,,,,,,
